Album,Artist,Released,Genres,Rating,Notes,Global Rating,Origin,Generated Date,id
In The Wee Small Hours,Frank Sinatra,1955,jazz,NA,NA,NA,NA,NA,1
Elvis Presley,Elvis Presley,1956,rock,3,Mostly fun.,3.38,us,2025-02-03T04:00:49Z,2
The Wildest!,Louis Prima,1956,"jazz,blues",NA,NA,NA,NA,NA,3
Songs For Swingin' Lovers!,Frank Sinatra,1956,jazz,NA,NA,NA,NA,NA,4
Tragic Songs of Life,The Louvin Brothers,1956,"folk,country",3,Nice. But not for me.,2.58,us,2025-03-20T04:00:59Z,5
Ellington at Newport,Duke Ellington,1956,jazz,NA,NA,NA,NA,NA,6
Kenya,Machito,1957,jazz,NA,NA,NA,NA,NA,7
Palo Congo,Sabu,1957,"world,jazz",NA,NA,NA,NA,NA,8
This Is Fats Domino,Fats Domino,1957,"blues,rock,soul",NA,NA,NA,NA,NA,9
Birth Of The Cool,Miles Davis,1957,jazz,NA,NA,NA,NA,NA,10
The Sounds Of India,Ravi Shankar,1957,world,NA,NA,NA,NA,NA,11
Here's Little Richard,Little Richard,1957,"rock,blues",NA,NA,NA,NA,NA,12
Brilliant Corners,Thelonious Monk,1957,jazz,NA,NA,NA,NA,NA,13
Chirping Crickets,Buddy Holly & The Crickets,1957,"pop,rock",NA,NA,NA,NA,NA,14
At Mister Kelly's,Sarah Vaughan,1957,jazz,NA,NA,NA,NA,NA,15
The Atomic Mr Basie,Count Basie & His Orchestra,1958,jazz,NA,NA,NA,NA,NA,16
Dance Mania,Tito Puente,1958,"jazz,latin",NA,NA,NA,NA,NA,17
Jack Takes the Floor,Ramblin' Jack Elliott,1958,"folk,country",NA,NA,NA,NA,NA,18
Lady In Satin,Billie Holiday,1958,jazz,NA,NA,NA,NA,NA,19
Gunfighter Ballads And Trail Songs,Marty Robbins,1959,country,NA,NA,NA,NA,NA,20
The Genius Of Ray Charles,Ray Charles,1959,"soul,jazz",4,He knew things,NA,us,2026-03-06T00:00:00Z,21
Kind Of Blue,Miles Davis,1959,jazz,NA,NA,NA,NA,NA,22
Time Out,The Dave Brubeck Quartet,1959,jazz,NA,NA,NA,NA,NA,23
The Gershwin Songbook,Ella Fitzgerald,1959,jazz,NA,NA,NA,NA,NA,24
At Newport 1960,Muddy Waters,1960,blues,NA,NA,NA,NA,NA,25
Elvis Is Back,Elvis Presley,1960,rock,3,It's just okay.,3.18,us,2025-01-23T04:00:59Z,26
A Date With The Everly Brothers,The Everly Brothers,1960,"pop,rock",NA,NA,NA,NA,NA,27
Joan Baez,Joan Baez,1960,folk,3,NA,2.97,us,2025-07-10T03:00:48Z,28
Miriam Makeba,Miriam Makeba,1960,"jazz,world",NA,NA,NA,NA,NA,29
Sunday At The Village Vanguard,Bill Evans Trio,1961,jazz,NA,NA,NA,NA,NA,30
Green Onions,Booker T. & The MG's,1962,"soul,funk",NA,NA,NA,NA,NA,31
Jazz Samba,Stan Getz,1962,"jazz,latin",NA,NA,NA,NA,NA,32
Modern Sounds in Country and Western Music,Ray Charles,1962,"soul,blues",NA,NA,NA,NA,NA,33
The Freewheelin' Bob Dylan,Bob Dylan,1963,"rock,folk",NA,NA,NA,NA,NA,34
With The Beatles,Beatles,1963,"rock,pop",NA,NA,NA,NA,NA,35
James Brown Live At The Apollo,James Brown,1963,"funk,soul",NA,NA,NA,NA,NA,36
The Black Saint And The Sinner Lady,Charles Mingus,1963,jazz,NA,NA,NA,NA,NA,37
Back At The Chicken Shack,Jimmy Smith,1963,"jazz,funk,blues",NA,NA,NA,NA,NA,38
Live At The Harlem Square Club,Sam Cooke,1963,soul,NA,NA,NA,NA,NA,39
Night Life,Ray Price,1963,country,3,I'm glad country evolved. But this is definitely a good foundation stone.,2.81,us,2025-03-17T04:01:00Z,40
A Girl Called Dusty,Dusty Springfield,1964,"pop,folk,soul,jazz",4,"I've some Dusty Springfield's songs before, but this is something else.",3.33,uk,2025-05-07T03:00:46Z,41
"Live At The Star Club, Hamburg",Jerry Lee Lewis,1964,rock,NA,NA,NA,NA,NA,42
Olympia 64,Jacques Brel,1964,"pop,rock",3,"Very, very, French.",2.78,belgium,2025-07-01T03:00:43Z,43
A Hard Day's Night,Beatles,1964,"rock,pop",NA,NA,NA,NA,NA,44
Rock 'N Soul,Solomon Burke,1964,soul,NA,NA,NA,NA,NA,45
The Rolling Stones,The Rolling Stones,1964,"rock,blues",4,"Dancey, fun, great all around.",3.24,uk,2026-01-14T04:02:12Z,46
Getz/Gilberto,Stan Getz,1964,"jazz,latin",NA,NA,NA,NA,NA,47
Mr. Tambourine Man,The Byrds,1965,"rock,folk",3,It's fine. But done better many times before and since.,3.22,us,2025-05-19T03:00:51Z,48
My Generation,The Who,1965,rock,3,It’s fun.,3.41,uk,2026-01-06T04:02:06Z,49
Bringing It All Back Home,Bob Dylan,1965,"rock,folk",NA,NA,NA,NA,NA,50
Live At The Regal,B.B. King,1965,blues,NA,NA,NA,NA,NA,51
Bert Jansch,Bert Jansch,1965,"folk,blues",4,"As it started I didn't care much for it, but it kept on growing on me.",3,uk,2025-06-11T03:01:04Z,52
I’ve Got a Tiger By the Tail,Buck Owens,1965,country,NA,NA,NA,NA,NA,53
Rubber Soul,Beatles,1965,"rock,pop",4,Fantastic.,4.12,uk,2025-11-16T04:01:48Z,54
Here Are the Sonics,The Sonics,1965,rock,NA,NA,NA,NA,NA,55
Otis Blue/Otis Redding Sings Soul,Otis Redding,1965,"soul,blues",NA,NA,NA,NA,NA,56
A Love Supreme,John Coltrane,1965,jazz,NA,NA,NA,NA,NA,57
Highway 61 Revisited,Bob Dylan,1965,"rock,folk",NA,NA,NA,NA,NA,58
The Beach Boys Today!,The Beach Boys,1965,"pop,rock",NA,NA,NA,NA,NA,59
Black Monk Time,The Monks,1966,rock,4,"This was a great listen, punky enough.",2.94,us,2026-01-08T04:01:26Z,60
Roger the Engineer,The Yardbirds,1966,"rock,blues",4,It's good.,3.11,uk,2025-03-25T04:01:00Z,61
Aftermath,The Rolling Stones,1966,rock,3,It’s okay.,3.37,uk,2025-12-24T04:02:09Z,62
The Psychedelic Sounds of the 13th Floor Elevators,The 13th Floor Elevators,1966,rock,NA,NA,NA,NA,NA,63
Fred Neil,Fred Neil,1966,folk,4,Fantastic.,2.92,us,2025-03-19T04:01:05Z,64
Fifth Dimension,The Byrds,1966,"rock,country,folk",3,NA,3.07,uk,2025-10-02T03:01:04Z,65
Wild Is The Wind,Nina Simone,1966,"blues,soul,jazz",NA,NA,NA,NA,NA,66
Face to Face,The Kinks,1966,rock,3,NA,3.28,uk,2025-09-04T03:01:13Z,67
Revolver,Beatles,1966,"rock,pop",NA,NA,NA,NA,NA,68
Blonde On Blonde,Bob Dylan,1966,"rock,folk",NA,NA,NA,NA,NA,69
Da Capo,Love,1966,"rock,pop",NA,NA,NA,NA,NA,70
"Parsley, Sage, Rosemary And Thyme",Simon & Garfunkel,1966,folk,NA,NA,NA,NA,NA,71
Pet Sounds,The Beach Boys,1966,"pop,rock",3,It's okay.,3.93,us,2025-06-12T03:01:11Z,72
If You Can Believe Your Eyes & Ears,The Mamas & The Papas,1966,"pop,rock,folk",3,It's okay.,3.43,us,2025-10-29T04:01:42Z,73
Bluesbreakers,John Mayall & The Bluesbreakers,1966,"blues,rock",NA,NA,NA,NA,NA,74
Sunshine Superman,Donovan,1966,"rock,folk",NA,NA,NA,NA,NA,75
Midnight Ride,Paul Revere & The Raiders,1966,rock,NA,NA,NA,NA,NA,76
Freak Out!,The Mothers Of Invention,1966,rock,NA,NA,NA,NA,NA,77
The Velvet Underground & Nico,The Velvet Underground,1967,rock,4,Fantastic.,3.61,us,2026-01-18T04:01:45Z,78
Moby Grape,Moby Grape,1967,"rock,country",2,Meh.,2.94,us,2025-01-22T04:01:08Z,79
Beach Samba,Astrud Gilberto,1967,"jazz,latin",NA,NA,NA,NA,NA,80
Electric Prunes,The Electric Prunes,1967,rock,NA,NA,NA,NA,NA,81
Goodbye And Hello,Tim Buckley,1967,"folk,rock",3,Almost there.,2.84,us,2025-11-20T04:01:55Z,82
Songs Of Leonard Cohen,Leonard Cohen,1967,"folk,rock",NA,NA,NA,NA,NA,83
Francis Albert Sinatra & Antonio Carlos Jobim,Frank Sinatra,1967,"jazz,latin",NA,NA,NA,NA,NA,84
Don't Come Home A Drinkin' (With Lovin' On Your Mind),Loretta Lynn,1967,"country,folk",3,"Not a big fan of old school country, but it's a fine album.",2.97,us,2025-06-25T03:00:39Z,85
Headquarters,The Monkees,1967,"pop,rock",NA,NA,NA,NA,NA,86
The Doors,The Doors,1967,rock,NA,NA,NA,NA,NA,87
Younger Than Yesterday,The Byrds,1967,"rock,country,folk",NA,NA,NA,NA,NA,88
Something Else By The Kinks,The Kinks,1967,"rock,pop",3,It's okay.,3.25,uk,2025-04-17T03:00:46Z,89
Surrealistic Pillow,Jefferson Airplane,1967,rock,3,NA,3.52,us,2025-09-25T03:00:58Z,90
Axis: Bold As Love,Jimi Hendrix,1967,rock,NA,NA,NA,NA,NA,91
The Piper At The Gates Of Dawn,Pink Floyd,1967,rock,3,You can really tell how this sound was constant in much of Pink Floyd's post-Barrett era. But they needed time to refine it. Good listen overall.,3.11,uk,2025-08-19T03:00:51Z,92
I’m a Lonesome Fugitive,Merle Haggard,1967,country,3,"Fun. But not great.
",2.86,us,2025-11-04T04:01:58Z,93
Chelsea Girl,Nico,1967,"pop,rock,folk",NA,NA,NA,NA,NA,94
Disraeli Gears,Cream,1967,rock,3,good enough.,3.47,uk,2025-04-20T03:00:44Z,95
Groovin',The Young Rascals,1967,"rock,pop",3,Fun.,3.03,us,2025-12-15T04:02:21Z,96
Sgt. Pepper's Lonely Hearts Club Band,Beatles,1967,"rock,pop",4,it's always a fun listen.,4.25,uk,2026-02-17T04:01:56Z,97
The Who Sell Out,The Who,1967,rock,2,"There's something about The Who that I don't get. It's not that I don't like them, but every time I've gotten an album in this project it annoys me that I have to listen to it (I know I don't really *have* to listen to it). I always push through, and they're not bad, but I still can't shake that annoying feeling.",3,uk,2026-01-15T04:01:43Z,98
Forever Changes,Love,1967,"rock,pop",3,It's okay.,3.22,us,2025-04-10T03:01:00Z,99
Buffalo Springfield Again,Buffalo Springfield,1967,"rock,country,folk",1,Not for me.,3.18,canada/us,2025-01-15T04:01:06Z,100
Triangle,The Beau Brummels,1967,"pop,rock,country",NA,NA,NA,NA,NA,101
Are You Experienced,Jimi Hendrix,1967,"rock,blues",NA,NA,NA,NA,NA,102
I Never Loved a Man the Way I Love You,Aretha Franklin,1967,soul,NA,NA,NA,NA,NA,103
Call of the Valley,Shivkumar Sharma,1967,world,NA,NA,NA,NA,NA,104
Electric Music For The Mind And Body,Country Joe & The Fish,1967,rock,NA,NA,NA,NA,NA,105
Safe As Milk,Captain Beefheart & His Magic Band,1967,"rock,blues",NA,NA,NA,NA,NA,106
Music From Big Pink,The Band,1968,"rock,country,folk",NA,NA,NA,NA,NA,107
Os Mutantes,Os Mutantes,1968,"rock,latin",NA,NA,NA,NA,NA,108
The Hangman's Beautiful Daughter,The Incredible String Band,1968,"folk,rock",NA,NA,NA,NA,NA,109
White Light / White Heat,The Velvet Underground,1968,rock,NA,NA,NA,NA,NA,110
Vincebus Eruptum,Blue Cheer,1968,rock,NA,NA,NA,NA,NA,111
Ogden's Nut Gone Flake,Small Faces,1968,rock,NA,NA,NA,NA,NA,112
The White Album,Beatles,1968,"rock,pop",NA,NA,NA,NA,NA,113
Gris Gris,Dr. John,1968,"blues,funk,jazz",NA,NA,NA,NA,NA,114
Cheap Thrills,Big Brother & The Holding Company,1968,rock,NA,NA,NA,NA,NA,115
Scott 2,Scott Walker,1968,"pop,rock,folk",1,"It starts beautifully, then it doesn't amount to much.",2.63,uk,2025-01-13T04:01:04Z,116
Bookends,Simon & Garfunkel,1968,folk,4,NA,3.56,us,2025-05-08T03:00:45Z,117
Caetano Veloso,Caetano Veloso,1968,"latin,rock",3,"Fun, dancey, good all around.",NA,brazil,2026-02-24T00:00:00Z,118
The Village Green Preservation Society,The Kinks,1968,"rock,pop",NA,NA,NA,NA,NA,119
Eli And The Thirteenth Confession,Laura Nyro,1968,pop,NA,NA,NA,NA,NA,120
In-A-Gadda-Da-Vida,Iron Butterfly,1968,rock,1,Perfect album to turn it into a joke on The Simpsons,NA,us,2026-03-05T00:00:00Z,121
Beggars Banquet,The Rolling Stones,1968,rock,3,NA,3.62,uk,2025-10-05T03:01:06Z,122
Astral Weeks,Van Morrison,1968,"rock,folk,soul,jazz",4,NA,3.26,uk,2025-10-07T03:01:03Z,123
Sweetheart Of The Rodeo,The Byrds,1968,"rock,country,folk",3,NA,2.82,us,2025-08-17T03:00:49Z,124
Electric Ladyland,Jimi Hendrix,1968,rock,NA,NA,NA,NA,NA,125
S.F. Sorrow,The Pretty Things,1968,rock,NA,NA,NA,NA,NA,126
The Notorious Byrd Brothers,The Byrds,1968,"rock,country,folk",NA,NA,NA,NA,NA,127
Odessey And Oracle,The Zombies,1968,"rock,pop",NA,NA,NA,NA,NA,128
Lady Soul,Aretha Franklin,1968,soul,NA,NA,NA,NA,NA,129
At Folsom Prison,Johnny Cash,1968,country,NA,NA,NA,NA,NA,130
The United States Of America,The United States Of America,1968,"rock,electronica",2,Meh.,2.61,us,2025-12-01T04:01:29Z,131
Truth,Jeff Beck,1968,"metal,blues,rock",NA,NA,NA,NA,NA,132
We're Only In It For The Money,The Mothers Of Invention,1968,rock,NA,NA,NA,NA,NA,133
"Blood, Sweat & Tears","Blood, Sweat & Tears",1968,rock,3,Too jazzy for me. But not bad.,3.16,us,2025-07-14T03:00:48Z,134
Traffic,Traffic,1968,rock,NA,NA,NA,NA,NA,135
Hot Buttered Soul,Isaac Hayes,1969,NA,NA,NA,NA,NA,NA,136
Abbey Road,Beatles,1969,"rock,pop",NA,NA,NA,NA,NA,137
In A Silent Way,Miles Davis,1969,jazz,NA,NA,NA,NA,NA,138
Hot Rats,Frank Zappa,1969,rock,NA,NA,NA,NA,NA,139
Let It Bleed,The Rolling Stones,1969,rock,NA,NA,NA,NA,NA,140
Liege And Lief,Fairport Convention,1969,"folk,rock",NA,NA,NA,NA,NA,141
Kick Out The Jams (Live),MC5,1969,rock,4,This was a great surprise.,2.92,us,2026-02-18T04:02:12Z,142
Happy Sad,Tim Buckley,1969,folk,NA,NA,NA,NA,NA,143
Arthur (Or the Decline and Fall of the British Empire),The Kinks,1969,"rock,pop",NA,NA,NA,NA,NA,144
Green River,Creedence Clearwater Revival,1969,rock,NA,NA,NA,NA,NA,145
The Stooges,The Stooges,1969,"rock,punk",NA,NA,NA,NA,NA,146
Songs From A Room,Leonard Cohen,1969,"folk,rock",NA,NA,NA,NA,NA,147
Basket of Light,Pentangle,1969,"folk,rock",NA,NA,NA,NA,NA,148
The Band,The Band,1969,"rock,country,folk",NA,NA,NA,NA,NA,149
The Velvet Underground,The Velvet Underground,1969,rock,NA,NA,NA,NA,NA,150
From Elvis In Memphis,Elvis Presley,1969,rock,NA,NA,NA,NA,NA,151
Dusty In Memphis,Dusty Springfield,1969,"pop,folk,soul,jazz",3,So close. Very good.,3.47,uk,2025-11-27T04:02:08Z,152
Chicago Transit Authority,Chicago,1969,rock,NA,NA,NA,NA,NA,153
Tommy,The Who,1969,rock,2,What is it that I'm not getting? Why so much love for The Who?,3.33,uk,2026-02-12T04:01:46Z,154
Five Leaves Left,Nick Drake,1969,"folk,rock",NA,NA,NA,NA,NA,155
Scott 4,Scott Walker,1969,"pop,rock,folk",4,This I like.,2.81,us,2025-10-06T03:01:05Z,156
Bayou Country,Creedence Clearwater Revival,1969,rock,NA,NA,NA,NA,NA,157
Everybody Knows This Is Nowhere,Neil Young & Crazy Horse,1969,rock,4,NA,3.54,us,2025-11-10T04:01:43Z,158
Cloud Nine,The Temptations,1969,"pop,soul,funk",NA,NA,NA,NA,NA,159
"Crosby, Stills & Nash","Crosby, Stills & Nash",1969,"rock,folk",NA,NA,NA,NA,NA,160
Led Zeppelin II,Led Zeppelin,1969,"metal,rock",NA,NA,NA,NA,NA,161
Elephant Mountain,The Youngbloods,1969,"rock,country",NA,NA,NA,NA,NA,162
Happy Trails,Quicksilver Messenger Service,1969,rock,NA,NA,NA,NA,NA,163
Unhalfbricking,Fairport Convention,1969,"folk,rock",NA,NA,NA,NA,NA,164
Oar,Alexander 'Skip' Spence,1969,folk,NA,NA,NA,NA,NA,165
At San Quentin,Johnny Cash,1969,country,4,Few have done it better than Johnny Cash.,3.8,us,2025-01-28T04:00:55Z,166
Stand!,Sly & The Family Stone,1969,"rock,soul,funk",2,"Not a bad listen, but not for me.",3.43,us,2026-02-11T04:01:53Z,167
Odessa,Bee Gees,1969,"rock,pop",NA,NA,NA,NA,NA,168
Led Zeppelin,Led Zeppelin,1969,"metal,rock",NA,NA,NA,NA,NA,169
The Gilded Palace Of Sin,The Flying Burrito Brothers,1969,"rock,folk,country",2,Meh,NA,us,2026-03-04T00:00:00Z,170
In The Court Of The Crimson King,King Crimson,1969,rock,4,I was ready to hate it. What a surprise this was for me.,3.61,uk,2025-08-04T03:00:43Z,171
Trout Mask Replica,Captain Beefheart & His Magic Band,1969,"rock,blues",NA,NA,NA,NA,NA,172
Live / Dead,Grateful Dead,1969,rock,1,What in the bore me to dead was this.,2.82,us,2025-04-27T03:00:45Z,173
Bridge Over Troubled Water,Simon & Garfunkel,1970,folk,NA,NA,NA,NA,NA,174
Abraxas,Santana,1970,"rock,latin",NA,NA,NA,NA,NA,175
Live At Leeds,The Who,1970,rock,3,Not for me.,3.32,uk,2025-01-12T04:01:08Z,176
Cosmo's Factory,Creedence Clearwater Revival,1970,rock,3,Meh.,3.91,us,2025-10-20T03:01:36Z,177
Led Zeppelin III,Led Zeppelin,1970,"metal,rock",NA,NA,NA,NA,NA,178
Bitches Brew,Miles Davis,1970,jazz,NA,NA,NA,NA,NA,179
Gasoline Alley,Rod Stewart,1970,"rock,blues",3,"Fun, for sure.",2.95,uk,2026-02-15T04:01:50Z,180
Deep Purple In Rock,Deep Purple,1970,"metal,rock",NA,NA,NA,NA,NA,181
John Barleycorn Must Die,Traffic,1970,"rock,folk",2,Meh.,3.17,uk,2025-06-01T03:00:44Z,182
Ananda Shankar,Ananda Shankar,1970,world,NA,NA,NA,NA,NA,183
Sweet Baby James,James Taylor,1970,"rock,folk",NA,NA,NA,NA,NA,184
Deja Vu,"Crosby, Stills, Nash & Young",1970,"rock,folk",NA,NA,NA,NA,NA,185
The Madcap Laughs,Syd Barrett,1970,"rock,folk",NA,NA,NA,NA,NA,186
Morrison Hotel,The Doors,1970,rock,3,I'm starting to get The Doors a little bit more after not liking them for so long.,3.59,us,2025-07-06T03:00:50Z,187
Tea for the Tillerman,Cat Stevens,1970,folk,3,It's good. But not really my style.,3.68,uk,2025-02-11T04:00:58Z,188
Paranoid,Black Sabbath,1970,"metal,rock",NA,NA,NA,NA,NA,189
Close To You,Carpenters,1970,"rock,pop",3,Good enough.,3.12,us,2025-05-20T03:00:45Z,190
Moondance,Van Morrison,1970,"rock,folk,jazz",3,Fun.,3.7,uk,2025-11-19T04:01:30Z,191
Black Sabbath,Black Sabbath,1970,"metal,rock",4,NA,3.82,uk,2025-07-23T03:00:49Z,192
American Beauty,Grateful Dead,1970,"rock,country",NA,NA,NA,NA,NA,193
Fun House,The Stooges,1970,"rock,punk",NA,NA,NA,NA,NA,194
Layla And Other Assorted Love Songs,Derek & The Dominos,1970,"rock,blues",NA,NA,NA,NA,NA,195
All Things Must Pass,George Harrison,1970,"rock,pop",NA,NA,NA,NA,NA,196
Twelve Dreams Of Dr. Sardonicus,Spirit,1970,rock,1,"I have never been a big fan, or any size of fan, of whatever that was.",3.04,us,2025-01-20T04:01:25Z,197
McCartney,Paul McCartney,1970,"rock,pop",2,"I don't get the love. It's not bad, but it's nothing that wasn't already done many times before.",3.25,NA,2025-07-03T03:00:46Z,198
After The Gold Rush,Neil Young,1970,"rock,folk",NA,NA,NA,NA,NA,199
Stephen Stills,Stephen Stills,1970,"rock,folk",3,"Folky, rocky, good enough. But maybe not really a great album.",3.18,us,2026-02-04T04:02:00Z,200
John Lennon/Plastic Ono Band,John Lennon,1970,"rock,pop",NA,NA,NA,NA,NA,201
Third,Soft Machine,1970,"rock,jazz",NA,NA,NA,NA,NA,202
Tago Mago,Can,1971,rock,3,I almost liked it.,2.8,germany,2025-08-25T03:00:52Z,203
Aqualung,Jethro Tull,1971,rock,2,Meh.,3.44,uk,2025-11-13T04:01:45Z,204
Fragile,Yes,1971,rock,NA,NA,NA,NA,NA,205
Imagine,John Lennon,1971,rock,3,It's mostly fine.,3.45,uk,2026-02-22T04:02:28Z,206
American Pie,Don McLean,1971,"rock,folk",2,"Yeah, not really.",3.28,us,2025-02-24T04:00:59Z,207
Trafalgar,Bee Gees,1971,rock,NA,NA,NA,NA,NA,208
Blue,Joni Mitchell,1971,"folk,rock",NA,NA,NA,NA,NA,209
Hunky Dory,David Bowie,1971,rock,5,Always beautiful.,4,uk,2025-08-21T03:00:51Z,210
Songs Of Love And Hate,Leonard Cohen,1971,folk,NA,NA,NA,NA,NA,211
Shaft,Isaac Hayes,1971,"soul,funk,jazz",NA,NA,NA,NA,NA,212
Teenage Head,Flamin' Groovies,1971,rock,NA,NA,NA,NA,NA,213
Histoire De Melody Nelson,Serge Gainsbourg,1971,"pop,rock",NA,NA,NA,NA,NA,214
Sticky Fingers,The Rolling Stones,1971,rock,NA,NA,NA,NA,NA,215
A Nod Is As Good As A Wink To A Blind Horse,Faces,1971,"rock,blues",NA,NA,NA,NA,NA,216
Pearl,Janis Joplin,1971,rock,NA,NA,NA,NA,NA,217
At Fillmore East,The Allman Brothers Band,1971,"rock,blues",3,Not for me. But I do appreciate it.,3.37,us,2025-04-21T03:00:47Z,218
Pictures At An Exhibition,"Emerson, Lake & Palmer",1971,rock,NA,NA,NA,NA,NA,219
Maggot Brain,Funkadelic,1971,"funk,rock,soul",NA,NA,NA,NA,NA,220
Every Picture Tells A Story,Rod Stewart,1971,"rock,pop",3,Good enough.,3.24,uk,2025-05-05T03:00:47Z,221
The Yes Album,Yes,1971,rock,2,"No, not really.",3.31,uk,2025-01-30T04:00:52Z,222
If I Could Only Remember My Name,David Crosby,1971,"country,folk,rock",4,NA,3.07,us,2025-08-31T03:01:05Z,223
Nilsson Schmilsson,Harry Nilsson,1971,"rock,pop",NA,NA,NA,NA,NA,224
Surf's Up,The Beach Boys,1971,"pop,rock",NA,NA,NA,NA,NA,225
Live!,Fela Kuti,1971,"funk,soul,world",NA,NA,NA,NA,NA,226
Who's Next,The Who,1971,rock,NA,NA,NA,NA,NA,227
Madman Across The Water,Elton John,1971,"rock,pop",NA,NA,NA,NA,NA,228
John Prine,John Prine,1971,"country,folk",3,Mostly fine.,3.21,us,2025-08-20T03:00:49Z,229
L.A. Woman,The Doors,1971,rock,3,NA,3.66,us,2025-08-18T03:00:53Z,230
Tapestry,Carole King,1971,"pop,rock,folk",NA,NA,NA,NA,NA,231
Tarkus,"Emerson, Lake & Palmer",1971,rock,2,Not this one.,2.79,uk,2025-01-26T04:00:55Z,232
White Light,Gene Clark,1971,"country,pop,folk,rock",4,NA,2.84,us,2025-05-12T03:00:46Z,233
Electric Warrior,T. Rex,1971,rock,3,"A couple of good songs, but not a good album.",3.54,uk,2025-12-16T04:02:28Z,234
Bryter Layter,Nick Drake,1971,"folk,rock",NA,NA,NA,NA,NA,235
There's A Riot Goin' On,Sly & The Family Stone,1971,"rock,soul,funk",NA,NA,NA,NA,NA,236
Coat Of Many Colors,Dolly Parton,1971,country,NA,NA,NA,NA,NA,237
Led Zeppelin IV,Led Zeppelin,1971,"metal,rock",NA,NA,NA,NA,NA,238
What's Going On,Marvin Gaye,1971,soul,NA,NA,NA,NA,NA,239
School's Out,Alice Cooper,1972,rock,NA,NA,NA,NA,NA,240
The Rise and Fall of Ziggy Stardust and the Spiders from Mars,David Bowie,1972,rock,NA,NA,NA,NA,NA,241
Can't Buy A Thrill,Steely Dan,1972,rock,3,Fun.,3.72,us,2025-06-17T03:01:07Z,242
Harvest,Neil Young,1972,"rock,folk",NA,NA,NA,NA,NA,243
Made In Japan,Deep Purple,1972,"metal,rock",NA,NA,NA,NA,NA,244
Machine Head,Deep Purple,1972,"metal,rock",NA,NA,NA,NA,NA,245
The Slider,T. Rex,1972,rock,NA,NA,NA,NA,NA,246
Something/Anything?,Todd Rundgren,1972,"rock,pop",3,Not really my style. But it was a good listen.,3.03,us,2025-07-13T03:00:54Z,247
Manassas,Stephen Stills,1972,"rock,country,folk",NA,NA,NA,NA,NA,248
Eagles,Eagles,1972,"country,rock,folk",NA,NA,NA,NA,NA,249
Let's Stay Together,Al Green,1972,soul,NA,NA,NA,NA,NA,250
All Directions,The Temptations,1972,"pop,soul,funk",NA,NA,NA,NA,NA,251
Transformer,Lou Reed,1972,rock,3,NA,3.67,us,2025-08-26T03:00:52Z,252
Exile On Main Street,The Rolling Stones,1972,rock,5,This is as good as it gets. What a beauty.,NA,uk,2026-02-24T00:00:00Z,253
Paul Simon,Paul Simon,1972,"rock,folk",5,Paul Simon is comfort.,3.51,us,2025-03-23T04:00:59Z,254
Close To The Edge,Yes,1972,rock,3,Better that I expected. Nice surprise.,3.19,uk,2025-04-06T03:00:58Z,255
Pink Moon,Nick Drake,1972,"folk,rock",NA,NA,NA,NA,NA,256
Clube Da Esquina,Milton Nascimento,1972,"rock,world,jazz,latin",3,It's okay.,3.13,brazil,2025-10-30T04:01:36Z,257
Roxy Music,Roxy Music,1972,"rock,pop",NA,NA,NA,NA,NA,258
Will The Circle Be Unbroken,Nitty Gritty Dirt Band,1972,"country,folk",1,"There is only so much bluegrass a person can listen to in a day, and this album pretty much triples that amount. Not for me.",2.98,us,2026-02-03T04:02:14Z,259
Sail Away,Randy Newman,1972,"rock,pop",NA,NA,NA,NA,NA,260
Talking Book,Stevie Wonder,1972,"funk,soul",NA,NA,NA,NA,NA,261
Home Is Where The Music Is,Hugh Masekela,1972,"jazz,world",NA,NA,NA,NA,NA,262
Greetings From L.A.,Tim Buckley,1972,"pop,folk,rock",4,This is something else.,2.85,us,2025-07-31T03:00:49Z,263
Superfly,Curtis Mayfield,1972,"soul,funk",NA,NA,NA,NA,NA,264
Vol. 4,Black Sabbath,1972,metal,NA,NA,NA,NA,NA,265
Slayed?,Slade,1972,rock,NA,NA,NA,NA,NA,266
American Gothic,David Ackles,1972,country,3,It's okay.,2.48,us,2025-11-06T04:01:39Z,267
The World is a Ghetto,War,1972,"soul,funk",NA,NA,NA,NA,NA,268
#1 Record,Big Star,1972,"rock,pop",3,It's not bad. However this style and time are not for me.,3.26,us,2025-02-17T04:00:59Z,269
Tres Hombres,ZZ Top,1973,rock,NA,NA,NA,NA,NA,270
Tubular Bells,Mike Oldfield,1973,rock,NA,NA,NA,NA,NA,271
Aladdin Sane,David Bowie,1973,rock,4,Fun.,3.61,uk,2025-06-23T03:00:51Z,272
New York Dolls,New York Dolls,1973,"rock,punk",NA,NA,NA,NA,NA,273
Solid Air,John Martyn,1973,"rock,folk,pop",NA,NA,NA,NA,NA,274
Selling England By The Pound,Genesis,1973,rock,NA,NA,NA,NA,NA,275
Faust IV,Faust,1973,rock,NA,NA,NA,NA,NA,276
Honky Tonk Heroes,Waylon Jennings,1973,country,4,Gotta love outlaw country.,3.14,us,2025-03-10T04:01:12Z,277
The Dark Side Of The Moon,Pink Floyd,1973,rock,NA,NA,NA,NA,NA,278
"A Wizard, A True Star",Todd Rundgren,1973,"rock,pop,soul,electronica",NA,NA,NA,NA,NA,279
Paris 1919,John Cale,1973,"rock,pop",3,Fun.,2.96,us,2025-05-13T03:00:47Z,280
Countdown To Ecstasy,Steely Dan,1973,"rock,jazz",4,NA,3.29,us,2025-07-27T03:00:46Z,281
Future Days,Can,1973,rock,3,Liked parts of it.,3,germany,2025-07-29T03:00:45Z,282
Billion Dollar Babies,Alice Cooper,1973,rock,NA,NA,NA,NA,NA,283
Catch A Fire,Bob Marley & The Wailers,1973,reggae,NA,NA,NA,NA,NA,284
Band On The Run,Paul McCartney and Wings,1973,rock,NA,NA,NA,NA,NA,285
Goodbye Yellow Brick Road,Elton John,1973,"rock,pop",4,So fun.,3.92,uk,2025-11-25T04:01:59Z,286
Let's Get It On,Marvin Gaye,1973,soul,NA,NA,NA,NA,NA,287
For Your Pleasure,Roxy Music,1973,"rock,pop",4,Great.,2.98,uk,2025-06-10T03:00:56Z,288
Raw Power,The Stooges,1973,"rock,punk",NA,NA,NA,NA,NA,289
Space Ritual,Hawkwind,1973,rock,NA,NA,NA,NA,NA,290
Berlin,Lou Reed,1973,rock,3,"I like Lou Reed, he's fine. But there's something that stops me from being a fan. This album is mostly good.",3.09,us,2025-02-13T04:00:55Z,291
Mott,Mott The Hoople,1973,rock,NA,NA,NA,NA,NA,292
(Pronounced 'Leh-'Nérd 'Skin-'Nérd),Lynyrd Skynyrd,1973,rock,NA,NA,NA,NA,NA,293
Bongo Rock,Incredible Bongo Band,1973,"funk,rock",NA,NA,NA,NA,NA,294
Head Hunters,Herbie Hancock,1973,"jazz,funk",NA,NA,NA,NA,NA,295
3 + 3,The Isley Brothers,1973,"soul,funk",NA,NA,NA,NA,NA,296
Innervisions,Stevie Wonder,1973,"funk,soul",NA,NA,NA,NA,NA,297
Larks' Tongues In Aspic,King Crimson,1973,rock,NA,NA,NA,NA,NA,298
Next,The Sensational Alex Harvey Band,1973,rock,3,It has some very interesting songs. I don't necessarily like it as an album.,2.71,uk,2025-02-18T04:00:59Z,299
Sheet Music,10cc,1974,"rock,pop",NA,NA,NA,NA,NA,300
Autobahn,Kraftwerk,1974,electronica,NA,NA,NA,NA,NA,301
Crime Of The Century,Supertramp,1974,rock,NA,NA,NA,NA,NA,302
Pretzel Logic,Steely Dan,1974,"rock,jazz",NA,NA,NA,NA,NA,303
Court And Spark,Joni Mitchell,1974,"folk,rock",NA,NA,NA,NA,NA,304
Natty Dread,Bob Marley & The Wailers,1974,reggae,NA,NA,NA,NA,NA,305
Sheer Heart Attack,Queen,1974,rock,3,"Unlike my cousin Oscar, I'm not such a fan of Queen.",3.64,uk,2025-02-26T04:00:54Z,306
461 Ocean Boulevard,Eric Clapton,1974,"rock,blues",NA,NA,NA,NA,NA,307
Queen II,Queen,1974,rock,NA,NA,NA,NA,NA,308
I Want To See The Bright Lights Tonight,Richard Thompson,1974,"folk,country,rock",NA,NA,NA,NA,NA,309
Good Old Boys,Randy Newman,1974,"rock,pop",NA,NA,NA,NA,NA,310
Country Life,Roxy Music,1974,"rock,pop",NA,NA,NA,NA,NA,311
Inspiration Information,Shuggie Otis,1974,"soul,funk,jazz,rock",NA,NA,NA,NA,NA,312
Rock Bottom,Robert Wyatt,1974,rock,NA,NA,NA,NA,NA,313
Kimono My House,Sparks,1974,"pop,rock",NA,NA,NA,NA,NA,314
On The Beach,Neil Young,1974,"rock,folk",NA,NA,NA,NA,NA,315
Bad Company,Bad Company,1974,rock,NA,NA,NA,NA,NA,316
Here Come The Warm Jets,Brian Eno,1974,"pop,rock",4,"Weird, noisy (in the right way), warm. All good with this one.",3.07,uk,2026-02-05T04:01:51Z,317
No Other,Gene Clark,1974,"country,pop,folk,rock",4,Something else.,3.18,us,2025-03-26T04:01:02Z,318
Phaedra,Tangerine Dream,1974,electronica,NA,NA,NA,NA,NA,319
The Grand Tour,George Jones,1974,country,NA,NA,NA,NA,NA,320
Fulfillingness' First Finale,Stevie Wonder,1974,soul,NA,NA,NA,NA,NA,321
Winter In America,Gil Scott-Heron,1974,"jazz,soul,blues",NA,NA,NA,NA,NA,322
The Lamb Lies Down On Broadway,Genesis,1974,rock,2,Not really my style.,3.08,uk,2025-03-06T04:00:54Z,323
Grievous Angel,Gram Parsons,1974,"rock,country",4,This is a work of beauty.,2.86,us,2025-07-20T03:00:43Z,324
It's Too Late to Stop Now,Van Morrison,1974,"rock,folk,soul,jazz",4,NA,3.25,uk,2025-08-27T03:00:50Z,325
Pieces Of The Sky,Emmylou Harris,1975,"country,folk",NA,NA,NA,NA,NA,326
A Night At The Opera,Queen,1975,rock,NA,NA,NA,NA,NA,327
Wish You Were Here,Pink Floyd,1975,rock,NA,NA,NA,NA,NA,328
Physical Graffiti,Led Zeppelin,1975,"metal,rock",NA,NA,NA,NA,NA,329
Nighthawks At The Diner,Tom Waits,1975,"folk,rock,blues",5,Another gem.,3.01,us,2025-05-15T03:00:48Z,330
Toys In The Attic,Aerosmith,1975,rock,2,Yeah. Not for me.,3.26,us,2026-01-26T04:01:51Z,331
Go Girl Crazy,The Dictators,1975,"punk,rock",NA,NA,NA,NA,NA,332
Young Americans,David Bowie,1975,"rock,soul",5,Beautiful.,3.62,uk,2025-04-22T03:00:48Z,333
Born To Run,Bruce Springsteen,1975,rock,NA,NA,NA,NA,NA,334
Blood On The Tracks,Bob Dylan,1975,"rock,folk",4,"Not much of a Bod Bylan fan, but there's something here.",3.67,us,2025-09-30T03:01:01Z,335
The Hissing Of Summer Lawns,Joni Mitchell,1975,"folk,jazz",NA,NA,NA,NA,NA,336
Tonight's The Night,Neil Young,1975,"rock,folk",4,Lovely.,3.23,canada,2025-11-02T04:01:44Z,337
That's The Way Of The World,"Earth, Wind & Fire",1975,"funk,soul",NA,NA,NA,NA,NA,338
NEU! 75,Neu!,1975,rock,NA,NA,NA,NA,NA,339
Another Green World,Brian Eno,1975,"pop,rock,electronica",NA,NA,NA,NA,NA,340
Mothership Connection,Parliament,1975,"funk,rock,soul",NA,NA,NA,NA,NA,341
Marcus Garvey,Burning Spear,1975,reggae,NA,NA,NA,NA,NA,342
Horses,Patti Smith,1975,"punk,rock",NA,NA,NA,NA,NA,343
There's No Place Like America Today,Curtis Mayfield,1975,"soul,funk",NA,NA,NA,NA,NA,344
The Köln Concert,Keith Jarrett,1975,jazz,NA,NA,NA,NA,NA,345
Red Headed Stranger,Willie Nelson,1975,country,NA,NA,NA,NA,NA,346
Born To Be With You,Dion,1975,"pop,rock",NA,NA,NA,NA,NA,347
Songs In The Key Of Life,Stevie Wonder,1976,"funk,soul",NA,NA,NA,NA,NA,348
2112,Rush,1976,rock,NA,NA,NA,NA,NA,349
Boston,Boston,1976,rock,NA,NA,NA,NA,NA,350
Station To Station,David Bowie,1976,rock,NA,NA,NA,NA,NA,351
Hotel California,Eagles,1976,rock,3,Not for me.,3.59,us,2025-07-21T03:00:51Z,352
Ramones,Ramones,1976,punk,NA,NA,NA,NA,NA,353
Music From The Penguin Cafe,Penguin Cafe Orchestra,1976,pop,NA,NA,NA,NA,NA,354
Frampton Comes Alive,Peter Frampton,1976,rock,NA,NA,NA,NA,NA,355
Oxygène,Jean-Michel Jarre,1976,electronica,NA,NA,NA,NA,NA,356
Joan Armatrading,Joan Armatrading,1976,"pop,rock",NA,NA,NA,NA,NA,357
Rocks,Aerosmith,1976,rock,NA,NA,NA,NA,NA,358
Africa Brasil,Jorge Ben Jor,1976,"latin,funk",NA,NA,NA,NA,NA,359
Destroyer,KISS,1976,"metal,rock",NA,NA,NA,NA,NA,360
The Modern Lovers,The Modern Lovers,1976,"rock,punk",NA,NA,NA,NA,NA,361
Arrival,ABBA,1976,pop,NA,NA,NA,NA,NA,362
Legalize It,Peter Tosh,1976,reggae,NA,NA,NA,NA,NA,363
Tom Petty & The Heartbreakers,Tom Petty and the Heartbreakers,1976,rock,NA,NA,NA,NA,NA,364
Hejira,Joni Mitchell,1976,"folk,jazz",NA,NA,NA,NA,NA,365
Pacific Ocean Blue,Dennis Wilson,1977,"rock,pop",NA,NA,NA,NA,NA,366
Trans Europe Express,Kraftwerk,1977,electronica,3,"I understand the importance of Kraftwerk to music. I'm happy many others took it from them and massively improve electric music and its many subgenres, and many, many others.

That said, Krafwerk is not for me.",3.16,germany,2026-02-16T04:02:16Z,367
Low,David Bowie,1977,rock,NA,NA,NA,NA,NA,368
One World,John Martyn,1977,"rock,folk,pop",4,From the cover I was expecting some prog stuff. I was definitely not ready for what it actually is. What a thing of beauty.,2.82,uk,2025-05-01T03:00:44Z,369
Bat Out Of Hell,Meat Loaf,1977,rock,NA,NA,NA,NA,NA,370
Suicide,Suicide,1977,"rock,punk,electronica",NA,NA,NA,NA,NA,371
Zombie,Fela Kuti,1977,"funk,soul,world,jazz",NA,NA,NA,NA,NA,372
The Stranger,Billy Joel,1977,"rock,pop",NA,NA,NA,NA,NA,373
Heavy Weather,Weather Report,1977,"rock,jazz",NA,NA,NA,NA,NA,374
Out Of The Blue,Electric Light Orchestra,1977,"rock,pop",NA,NA,NA,NA,NA,375
Hard Again,Muddy Waters,1977,blues,NA,NA,NA,NA,NA,376
The Clash,The Clash,1977,punk,NA,NA,NA,NA,NA,377
Heroes,David Bowie,1977,rock,NA,NA,NA,NA,NA,378
Exodus,Bob Marley & The Wailers,1977,reggae,NA,NA,NA,NA,NA,379
Rattus Norvegicus,The Stranglers,1977,"rock,punk",NA,NA,NA,NA,NA,380
Aja,Steely Dan,1977,"rock,jazz",NA,NA,NA,NA,NA,381
Talking Heads 77,Talking Heads,1977,rock,3,It's certainly fun.,3.55,us,2025-10-01T03:00:59Z,382
New Boots And Panties,Ian Dury,1977,"pop,rock,punk",4,This is a party I would want to go to.,2.69,uk,2026-01-20T04:01:52Z,383
Rumours,Fleetwood Mac,1977,rock,5,NA,4.45,uk/us,2025-11-11T04:01:33Z,384
Pink Flag,Wire,1977,punk,4,Not a dull moment.,3.21,uk,2026-02-01T04:01:58Z,385
Before And After Science,Brian Eno,1977,"pop,rock,electronica",NA,NA,NA,NA,NA,386
"Never Mind The Bollocks, Here’s The Sex Pistols",Sex Pistols,1977,punk,5,So much fun. Solid from beginning to end. This is a great listen.,3.45,uk,2026-01-28T04:02:10Z,387
Marquee Moon,Television,1977,"rock,punk",NA,NA,NA,NA,NA,388
My Aim Is True,Elvis Costello,1977,"rock,pop",4,Great.,3.35,uk,2025-07-17T03:00:52Z,389
The Idiot,Iggy Pop,1977,"rock,punk",NA,NA,NA,NA,NA,390
Lust For Life,Iggy Pop,1977,"rock,punk",NA,NA,NA,NA,NA,391
Peter Gabriel,Peter Gabriel,1977,rock,3,"Quite interesting. I prefer Peter Gabriel's subsequent albums, but this one is a fine listen.",3.23,uk,2025-07-09T03:00:51Z,392
More Songs About Buildings And Food,Talking Heads,1978,rock,NA,NA,NA,NA,NA,393
Ambient 1/Music For Airports,Brian Eno,1978,"pop,electronica",NA,NA,NA,NA,NA,394
Public Image: First Issue,Public Image Ltd.,1978,rock,4,This is the good stuff.,2.42,uk,2026-02-08T04:02:10Z,395
Germfree Adolescents,X-Ray Spex,1978,"punk,rock",4,"It is quite great, almost excellent.",3.05,uk,2025-01-08T04:00:53Z,396
The Scream,Siouxsie And The Banshees,1978,rock,NA,NA,NA,NA,NA,397
Dire Straits,Dire Straits,1978,rock,NA,NA,NA,NA,NA,398
Another Music In A Different Kitchen,Buzzcocks,1978,punk,NA,NA,NA,NA,NA,399
Q: Are We Not Men? A: We Are Devo,Devo,1978,rock,NA,NA,NA,NA,NA,400
C'est Chic,CHIC,1978,"funk,soul",NA,NA,NA,NA,NA,401
Live And Dangerous,Thin Lizzy,1978,"metal,rock",NA,NA,NA,NA,NA,402
Stardust,Willie Nelson,1978,country,NA,NA,NA,NA,NA,403
Vento De Maio,Elis Regina,1978,"jazz,latin",NA,NA,NA,NA,NA,404
The Man Machine,Kraftwerk,1978,electronica,NA,NA,NA,NA,NA,405
Eternally Yours,The Saints,1978,"rock,punk",3,NA,3.07,australia,2025-04-09T03:01:07Z,406
Darkness on the Edge of Town,Bruce Springsteen,1978,rock,4,"Dark-ish, but the fun kind of dark.",3.41,us,2025-09-29T03:00:52Z,407
This Year's Model,Elvis Costello & The Attractions,1978,"rock,pop",NA,NA,NA,NA,NA,408
The Cars,The Cars,1978,rock,NA,NA,NA,NA,NA,409
All Mod Cons,The Jam,1978,punk,4,So much fun.,3.25,uk,2025-07-15T03:00:44Z,410
Real Life,Magazine,1978,punk,4,Good fun.,3.06,uk,2025-09-09T03:01:08Z,411
Parallel Lines,Blondie,1978,rock,4,Fantastic.,3.76,us,2025-01-27T04:00:58Z,412
Third/Sister Lovers,Big Star,1978,"rock,pop,folk",NA,NA,NA,NA,NA,413
The Only Ones,The Only Ones,1978,"pop,punk,rock",NA,NA,NA,NA,NA,414
Van Halen,Van Halen,1978,"metal,rock",NA,NA,NA,NA,NA,415
"Here, My Dear",Marvin Gaye,1978,"soul,funk",NA,NA,NA,NA,NA,416
Dub Housing,Pere Ubu,1978,rock,3,"It's fine, mostly fine.",2.35,us,2025-04-14T03:01:05Z,417
One Nation Under A Groove,Funkadelic,1978,"funk,rock,soul",NA,NA,NA,NA,NA,418
Crossing the Red Sea With the Adverts,The Adverts,1978,"rock,punk",3,Fun listen.,2.98,uk,2025-12-14T04:02:06Z,419
Siembra,Willie Colón & Rubén Blades,1978,latin,NA,NA,NA,NA,NA,420
Shalimar,Rahul Dev Burman,1978,world,NA,NA,NA,NA,NA,421
D.O.A. the Third and Final Report of Throbbing Gristle,Throbbing Gristle,1978,rock,NA,NA,NA,NA,NA,422
Honky Tonk Masquerade,Joe Ely,1978,country,NA,NA,NA,NA,NA,423
Duck Stab/Buster & Glen,The Residents,1978,rock,NA,NA,NA,NA,NA,424
The Modern Dance,Pere Ubu,1978,rock,3,Kind of okay.,2.48,us,2025-03-02T04:00:37Z,425
Quiet Life,Japan,1979,"pop,electronica",NA,NA,NA,NA,NA,426
Unknown Pleasures,Joy Division,1979,rock,NA,NA,NA,NA,NA,427
Armed Forces,Elvis Costello & The Attractions,1979,"rock,pop",NA,NA,NA,NA,NA,428
Street Life,The Crusaders,1979,"funk,jazz",NA,NA,NA,NA,NA,429
Risque,CHIC,1979,"funk,soul",NA,NA,NA,NA,NA,430
GI,Germs,1979,punk,3,NA,2.53,us,2025-11-23T04:01:42Z,431
Off The Wall,Michael Jackson,1979,"pop,soul",NA,NA,NA,NA,NA,432
Machine Gun Etiquette,The Damned,1979,punk,3,Fun.,3.16,uk,2025-11-18T04:01:33Z,433
The Wall,Pink Floyd,1979,rock,5,Amazing.,4.14,uk,2025-06-15T03:00:53Z,434
Broken English,Marianne Faithfull,1979,"folk,rock",4,Beautiful.,2.89,uk,2025-05-22T03:00:45Z,435
We Are Family,Sister Sledge,1979,"pop,funk,soul",NA,NA,NA,NA,NA,436
The Undertones,The Undertones,1979,"rock,punk",NA,NA,NA,NA,NA,437
Cut,The Slits,1979,"punk,rock",NA,NA,NA,NA,NA,438
Entertainment,Gang Of Four,1979,punk,4,"Fun, noisy, fast.",NA,uk,2026-03-02T00:00:00Z,439
B-52's,The B-52's,1979,rock,NA,NA,NA,NA,NA,440
Fear Of Music,Talking Heads,1979,rock,NA,NA,NA,NA,NA,441
Rust Never Sleeps,Neil Young & Crazy Horse,1979,"rock,folk",NA,NA,NA,NA,NA,442
At Budokan,Cheap Trick,1979,rock,NA,NA,NA,NA,NA,443
Tusk,Fleetwood Mac,1979,rock,4,"Good enough, but it's hard to be Fleetwood Mac and have to improve on Rumours.",3.47,uk/us,2025-12-09T04:01:50Z,444
The Pleasure Principle,Gary Numan,1979,"pop,rock,electronica",NA,NA,NA,NA,NA,445
London Calling,The Clash,1979,punk,4,"I had been a while since I last listens to this one. What a classic, and for good reason.",3.97,uk,2026-01-27T04:02:17Z,446
Live At The Witch Trials,The Fall,1979,punk,NA,NA,NA,NA,NA,447
Pretenders,Pretenders,1979,"rock,punk",3,So close.,3.35,uk,2025-09-21T03:01:01Z,448
Highway to Hell,AC/DC,1979,rock,NA,NA,NA,NA,NA,449
The Specials,The Specials,1979,"rock,reggae",2,I can keep on happily living without ever listening to The Specials again.,3.29,uk,2025-11-26T04:01:42Z,450
Reggatta De Blanc,The Police,1979,rock,NA,NA,NA,NA,NA,451
Movies,Holger Czukay,1979,rock,NA,NA,NA,NA,NA,452
Metal Box,Public Image Ltd.,1979,rock,NA,NA,NA,NA,NA,453
Signing Off,UB40,1980,reggae,NA,NA,NA,NA,NA,454
Iron Maiden,Iron Maiden,1980,metal,NA,NA,NA,NA,NA,455
Ace of Spades,Motörhead,1980,metal,NA,NA,NA,NA,NA,456
Killing Joke,Killing Joke,1980,rock,4,"Alright, alright.",2.99,uk,2025-06-22T03:00:41Z,457
Sound Affects,The Jam,1980,punk,3,So fun.,3.26,uk,2025-12-31T04:01:54Z,458
Kilimanjaro,The Teardrop Explodes,1980,rock,NA,NA,NA,NA,NA,459
Heartattack And Vine,Tom Waits,1980,"folk,rock",4,Another great one from Tom Waits.,3.07,us,2026-02-09T04:02:10Z,460
Underwater Moonlight,The Soft Boys,1980,rock,NA,NA,NA,NA,NA,461
Remain In Light,Talking Heads,1980,"electronica,rock",NA,NA,NA,NA,NA,462
Closer,Joy Division,1980,rock,NA,NA,NA,NA,NA,463
Kings Of The Wild Frontier,Adam & The Ants,1980,"pop,punk,rock",NA,NA,NA,NA,NA,464
Crocodiles,Echo And The Bunnymen,1980,rock,3,Meh.,3.04,uk,2025-09-03T03:00:55Z,465
Group Sex,Circle Jerks,1980,punk,NA,NA,NA,NA,NA,466
British Steel,Judas Priest,1980,"metal,rock",NA,NA,NA,NA,NA,467
Songs The Lord Taught Us,The Cramps,1980,"punk,rock",NA,NA,NA,NA,NA,468
More Specials,The Specials,1980,"rock,reggae",2,Nope.,2.95,uk,2025-07-24T03:00:46Z,469
Searching For The Young Soul Rebels,Dexys Midnight Runners,1980,rock,2,Not my thing.,3.01,uk,2026-01-04T04:02:17Z,470
Seventeen Seconds,The Cure,1980,rock,NA,NA,NA,NA,NA,471
Arc Of A Diver,Steve Winwood,1980,"rock,pop",NA,NA,NA,NA,NA,472
Hypnotised,The Undertones,1980,"punk,rock",NA,NA,NA,NA,NA,473
Back In Black,AC/DC,1980,"metal,rock",NA,NA,NA,NA,NA,474
Fresh Fruit for Rotting Vegetables,Dead Kennedys,1980,punk,NA,NA,NA,NA,NA,475
Peter Gabriel 3,Peter Gabriel,1980,rock,4,"As usual, beautiful.",3.29,uk,2025-07-02T03:00:43Z,476
The Visitors,ABBA,1981,pop,NA,NA,NA,NA,NA,477
Beauty And The Beat,The Go-Go's,1981,"rock,pop",3,Fun.,3.39,us,2025-06-03T03:00:54Z,478
My Life In The Bush Of Ghosts,Brian Eno,1981,"pop,rock",NA,NA,NA,NA,NA,479
Damaged,Black Flag,1981,"punk,rock",NA,NA,NA,NA,NA,480
Non-Stop Erotic Cabaret,Soft Cell,1981,"rock,pop,electronica",4,Fun.,2.87,uk,2025-05-26T03:00:44Z,481
Fire Of Love,The Gun Club,1981,"punk,rock",3,Nice.,2.99,us,2025-09-18T03:00:55Z,482
Dare!,The Human League,1981,"electronica,pop",2,It’s just fine.,3.05,uk,2026-01-21T04:02:02Z,483
Moving Pictures,Rush,1981,rock,NA,NA,NA,NA,NA,484
Juju,Siouxsie And The Banshees,1981,rock,NA,NA,NA,NA,NA,485
Penthouse And Pavement,Heaven 17,1981,"rock,pop,electronica",3,They're trying too hard to be New Order. But they are perhaps better than Happy Mondays.,2.61,uk,2025-02-23T04:01:02Z,486
Mask,Bauhaus,1981,rock,NA,NA,NA,NA,NA,487
No Sleep 'Til Hammersmith (Live),Motörhead,1981,"metal,rock",NA,NA,NA,NA,NA,488
Architecture And Morality,Orchestral Manoeuvres In The Dark,1981,"rock,pop,electronica",3,It's okay.,3.06,uk,2025-05-18T03:00:44Z,489
Wild Gift,X,1981,"rock,punk",NA,NA,NA,NA,NA,490
The Poet,Bobby Womack,1981,"soul,funk",NA,NA,NA,NA,NA,491
Kollaps,Einstürzende Neubauten,1981,rock,2,I don't think I understand it.,1.91,NA,2025-09-10T03:01:14Z,492
Tom Tom Club,Tom Tom Club,1981,"funk,electronica",3,Weird and fun. But probably not weird enough.,3.03,us,2025-10-26T04:01:36Z,493
Talk Talk Talk,The Psychedelic Furs,1981,rock,NA,NA,NA,NA,NA,494
Rip It Up,Orange Juice,1982,rock,NA,NA,NA,NA,NA,495
Pornography,The Cure,1982,rock,NA,NA,NA,NA,NA,496
Rio,Duran Duran,1982,"rock,pop",NA,NA,NA,NA,NA,497
Thriller,Michael Jackson,1982,"pop,soul",NA,NA,NA,NA,NA,498
The Dreaming,Kate Bush,1982,"pop,rock",NA,NA,NA,NA,NA,499
New Gold Dream (81/82/83/84),Simple Minds,1982,"rock,pop,electronica",NA,NA,NA,NA,NA,500
Too Rye Ay,Dexys Midnight Runners,1982,"rock,pop",NA,NA,NA,NA,NA,501
Junkyard,The Birthday Party,1982,"punk,rock",4,This was good.,2.16,us,2025-03-24T04:00:57Z,502
1999,Prince,1982,"funk,rock,pop",NA,NA,NA,NA,NA,503
The Lexicon Of Love,ABC,1982,"rock,pop",NA,NA,NA,NA,NA,504
Black Metal,Venom,1982,metal,NA,NA,NA,NA,NA,505
The Rise & Fall,Madness,1982,rock,NA,NA,NA,NA,NA,506
Imperial Bedroom,Elvis Costello & The Attractions,1982,"rock,pop",NA,NA,NA,NA,NA,507
Pelican West,Haircut 100,1982,"rock,pop",NA,NA,NA,NA,NA,508
The Nightfly,Donald Fagen,1982,"rock,jazz,pop",NA,NA,NA,NA,NA,509
The Number Of The Beast,Iron Maiden,1982,metal,NA,NA,NA,NA,NA,510
Nebraska,Bruce Springsteen,1982,rock,5,Bruce Springsteen is one of the all-time greats. This one in particular is filled with absolute gems.,3.31,us,2025-01-05T04:00:50Z,511
The Message,Grandmaster Flash & The Furious Five,1982,hip-hop,NA,NA,NA,NA,NA,512
Sulk,The Associates,1982,"electronica,rock,pop",NA,NA,NA,NA,NA,513
Soul Mining,The The,1983,rock,3,It's okay.,3.17,uk,2025-12-02T04:02:08Z,514
Murmur,R.E.M.,1983,rock,4,A thing of beauty.,3.41,us,2025-12-08T04:01:59Z,515
Out of Step,Minor Threat,1983,punk,NA,NA,NA,NA,NA,516
Swordfishtrombones,Tom Waits,1983,"folk,rock",NA,NA,NA,NA,NA,517
Violent Femmes,Violent Femmes,1983,"punk,rock",NA,NA,NA,NA,NA,518
Synchronicity,The Police,1983,"rock,pop",3,It's okay.,3.41,uk,2025-06-08T03:00:59Z,519
Back to Mystery City,Hanoi Rocks,1983,"metal,rock",NA,NA,NA,NA,NA,520
She's So Unusual,Cyndi Lauper,1983,"pop,rock,electronica",3,"It's just nonstop hits one right after the other for the first half, then it fizzles a little bit.",3.48,us,2025-01-29T04:00:56Z,521
Colour By Numbers,Culture Club,1983,pop,NA,NA,NA,NA,NA,522
Sweet Dreams (Are Made Of This),Eurythmics,1983,"rock,pop,electronica",NA,NA,NA,NA,NA,523
Hearts And Bones,Paul Simon,1983,"rock,folk",NA,NA,NA,NA,NA,524
Eliminator,ZZ Top,1983,rock,NA,NA,NA,NA,NA,525
Duck Rock,Malcolm McLaren,1983,"world,hip-hop",NA,NA,NA,NA,NA,526
Pyromania,Def Leppard,1983,"metal,rock",NA,NA,NA,NA,NA,527
War,U2,1983,rock,NA,NA,NA,NA,NA,528
Porcupine,Echo And The Bunnymen,1983,rock,NA,NA,NA,NA,NA,529
Born In The U.S.A.,Bruce Springsteen,1984,rock,NA,NA,NA,NA,NA,530
Welcome To The Pleasuredome,Frankie Goes To Hollywood,1984,"rock,pop,electronica",NA,NA,NA,NA,NA,531
A Walk Across The Rooftops,The Blue Nile,1984,"rock,pop",NA,NA,NA,NA,NA,532
Diamond Life,Sade,1984,"soul,pop,jazz",NA,NA,NA,NA,NA,533
Ocean Rain,Echo And The Bunnymen,1984,rock,3,"I enjoyed listening to this one, but I wouldn't listen to it again.",3.22,uk,2025-02-25T04:00:58Z,534
Rattlesnakes,Lloyd Cole And The Commotions,1984,rock,4,Very good.,2.9,uk,2025-04-28T03:00:43Z,535
Let It Be,The Replacements,1984,"rock,punk",NA,NA,NA,NA,NA,536
Private Dancer,Tina Turner,1984,"pop,rock",3,Fun.,3.3,us,2025-10-08T03:01:12Z,537
Immigrés,Youssou N'Dour,1984,world,NA,NA,NA,NA,NA,538
Double Nickels On The Dime,Minutemen,1984,"rock,punk",3,So close.,3.12,us,2026-02-23T04:02:18Z,539
Cafe Bleu,The Style Council,1984,pop,NA,NA,NA,NA,NA,540
1984,Van Halen,1984,"metal,rock",NA,NA,NA,NA,NA,541
Treasure,Cocteau Twins,1984,rock,NA,NA,NA,NA,NA,542
Purple Rain,Prince,1984,"funk,rock,pop",4,Beautiful.,4.02,us,2025-12-22T04:01:53Z,543
Run-D.M.C.,Run-D.M.C.,1984,hip-hop,3,"One great song, one song that has trascended time. But not for me. But I do get the importance of this album",NA,us,2026-03-02T00:00:00Z,544
Meat Puppets II,Meat Puppets,1984,rock,4,NA,3.02,us,2025-08-12T03:00:47Z,545
Fear and Whiskey,Mekons,1985,rock,NA,NA,NA,NA,NA,546
Low-Life,New Order,1985,"electronica,rock",NA,NA,NA,NA,NA,547
Hunting High And Low,a-ha,1985,"pop,electronica",3,Almost there.,3.12,norway,2025-09-17T03:01:07Z,548
Brothers In Arms,Dire Straits,1985,rock,3,It's mostly okay.,3.74,uk,2025-02-19T04:01:06Z,549
Steve McQueen,Prefab Sprout,1985,"rock,pop",3,"A handful of good songs, not really a good album.",2.99,uk,2026-01-29T04:01:56Z,550
Rum Sodomy & The Lash,The Pogues,1985,"punk,rock,folk",NA,NA,NA,NA,NA,551
Psychocandy,The Jesus And Mary Chain,1985,rock,NA,NA,NA,NA,NA,552
Rain Dogs,Tom Waits,1985,"folk,rock",4,I don't think I had ever listened to something like this. It was marvelous.,3.19,us,2025-02-02T04:01:10Z,553
Picture Book,Simply Red,1985,"soul,pop,rock",NA,NA,NA,NA,NA,554
Songs From The Big Chair,Tears For Fears,1985,"rock,pop,electronica",NA,NA,NA,NA,NA,555
Meat Is Murder,The Smiths,1985,rock,NA,NA,NA,NA,NA,556
This Nation’s Saving Grace,The Fall,1985,punk,2,Portions of it were mostly fine.,2.89,uk,2024-12-31T04:01:00Z,557
Suzanne Vega,Suzanne Vega,1985,"folk,pop",1,I don’t see it.,3.02,us,2026-01-01T04:02:15Z,558
Hounds Of Love,Kate Bush,1985,"pop,rock",3,"Several good/great songs, but not necessarily a good/great album.",3.62,uk,2025-10-23T03:01:30Z,559
Cupid & Psyche 85,Scritti Politti,1985,"pop,electronica",NA,NA,NA,NA,NA,560
Don't Stand Me Down,Dexys Midnight Runners,1985,rock,NA,NA,NA,NA,NA,561
I Against I,Bad Brains,1986,"rock,punk",NA,NA,NA,NA,NA,562
Talking With the Taxman About Poetry,Billy Bragg,1986,"rock,folk,punk",2,It was just okay.,2.96,uk,2025-03-13T04:01:04Z,563
Rapture,Anita Baker,1986,"soul,jazz",NA,NA,NA,NA,NA,564
Blood And Chocolate,Elvis Costello & The Attractions,1986,"rock,pop",NA,NA,NA,NA,NA,565
Skylarking,XTC,1986,"rock,pop",NA,NA,NA,NA,NA,566
Guitar Town,Steve Earle,1986,"country,folk,rock",NA,NA,NA,NA,NA,567
Reign In Blood,Slayer,1986,metal,NA,NA,NA,NA,NA,568
E.V.O.L.,Sonic Youth,1986,rock,NA,NA,NA,NA,NA,569
Master Of Puppets,Metallica,1986,metal,NA,NA,NA,NA,NA,570
Peace Sells...But Who's Buying,Megadeth,1986,metal,NA,NA,NA,NA,NA,571
The Queen Is Dead,The Smiths,1986,rock,4,"Even with Morrissey being the way that he is, this is one fine piece of work.",3.67,uk,2025-06-29T03:00:40Z,572
Licensed To Ill,Beastie Boys,1986,hip-hop,NA,NA,NA,NA,NA,573
Raising Hell,Run-D.M.C.,1986,hip-hop,NA,NA,NA,NA,NA,574
The Colour Of Spring,Talk Talk,1986,"rock,pop",4,I really liked it but I'm note really sure of why.,3.07,uk,2025-02-16T04:00:59Z,575
Graceland,Paul Simon,1986,"rock,folk,pop",NA,NA,NA,NA,NA,576
Slippery When Wet,Bon Jovi,1986,"metal,rock",NA,NA,NA,NA,NA,577
Infected,The The,1986,rock,NA,NA,NA,NA,NA,578
Water From An Ancient Well,Abdullah Ibrahim,1986,jazz,NA,NA,NA,NA,NA,579
Atomizer,Big Black,1986,"punk,rock",3,Not quite. But not bad.,2.73,us,2025-04-30T03:00:45Z,580
Planet Rock: The Album,Afrika Bambaataa,1986,hip-hop,NA,NA,NA,NA,NA,581
The Last Of The True Believers,Nanci Griffith,1986,country,NA,NA,NA,NA,NA,582
Throwing Muses,Throwing Muses,1986,rock,NA,NA,NA,NA,NA,583
So,Peter Gabriel,1986,"rock,pop",5,Beautiful.,3.53,uk,2025-01-06T04:00:55Z,584
Hysteria,Def Leppard,1987,rock,NA,NA,NA,NA,NA,585
Introducing The Hardline According To Terence Trent D'Arby,Terence Trent D'Arby,1987,"rock,soul",NA,NA,NA,NA,NA,586
Among The Living,Anthrax,1987,metal,NA,NA,NA,NA,NA,587
Sister,Sonic Youth,1987,rock,NA,NA,NA,NA,NA,588
Sign 'O' The Times,Prince,1987,"funk,rock,pop",NA,NA,NA,NA,NA,589
Bad,Michael Jackson,1987,"pop,soul",NA,NA,NA,NA,NA,590
The Joshua Tree,U2,1987,rock,2,"This was peak U2 and yes, it has some good songs, but is it a great album? It's dull and soulless for a good stretch there.",3.66,ireland,2025-12-17T04:02:03Z,591
Actually,Pet Shop Boys,1987,"pop,electronica",NA,NA,NA,NA,NA,592
Calenture,The Triffids,1987,rock,NA,NA,NA,NA,NA,593
Darklands,The Jesus And Mary Chain,1987,rock,3,Good enough,3.23,uk,2025-09-16T03:00:51Z,594
Appetite For Destruction,Guns N' Roses,1987,"metal,rock",NA,NA,NA,NA,NA,595
Locust Abortion Technician,Butthole Surfers,1987,"rock,punk",3,"Almost there. I like it in general, but I'm not sure if I need to listen to it again.",2.39,us,2026-02-02T04:02:04Z,596
Faith,George Michael,1987,pop,NA,NA,NA,NA,NA,597
Opus Dei,Laibach,1987,"metal,rock",NA,NA,NA,NA,NA,598
You're Living All Over Me,Dinosaur Jr.,1987,rock,NA,NA,NA,NA,NA,599
Scum,Napalm Death,1987,metal,NA,NA,NA,NA,NA,600
Music for the Masses,Depeche Mode,1987,"rock,electronica",NA,NA,NA,NA,NA,601
Document,R.E.M.,1987,rock,5,Yep.,3.56,us,2025-03-04T04:01:11Z,602
Shaka Zulu,Ladysmith Black Mambazo,1987,world,NA,NA,NA,NA,NA,603
Floodland,Sisters Of Mercy,1987,rock,3,It has a handful of good songs.,3.04,uk,2025-08-07T03:00:46Z,604
"Strangeways, Here We Come",The Smiths,1987,rock,NA,NA,NA,NA,NA,605
Warehouse: Songs And Stories,Hüsker Dü,1987,rock,4,Fun.,2.86,us,2025-04-23T03:00:41Z,606
The New Tango,Astor Piazzolla,1987,"world,jazz,latin",NA,NA,NA,NA,NA,607
Trio,Dolly Parton,1987,"country,pop",3,Pretty.,3.13,us,2025-12-18T04:01:47Z,608
Electric,The Cult,1987,rock,NA,NA,NA,NA,NA,609
Straight Outta Compton,N.W.A.,1988,hip-hop,NA,NA,NA,NA,NA,610
Buenas Noches From A Lonely Room,Dwight Yoakam,1988,country,NA,NA,NA,NA,NA,611
Life's Too Good,The Sugarcubes,1988,rock,NA,NA,NA,NA,NA,612
Bummed,Happy Mondays,1988,rock,4,Very fun.,2.64,uk,2025-07-22T03:00:43Z,613
Daydream Nation,Sonic Youth,1988,rock,5,What's not to love about Sonic Youth?,3.29,us,2025-04-16T03:00:54Z,614
Isn't Anything,My Bloody Valentine,1988,rock,4,The right kind of noisy.,2.75,uk,2025-11-17T04:01:42Z,615
Surfer Rosa,Pixies,1988,rock,5,This is how it is done,NA,us,2026-03-04T00:00:00Z,616
Fisherman's Blues,The Waterboys,1988,"rock,folk",3,NA,3.2,uk,2025-09-02T03:00:53Z,617
It Takes A Nation Of Millions To Hold Us Back,Public Enemy,1988,hip-hop,NA,NA,NA,NA,NA,618
Truth And Soul,Fishbone,1988,"metal,funk,reggae",NA,NA,NA,NA,NA,619
I'm Your Man,Leonard Cohen,1988,"folk,rock",NA,NA,NA,NA,NA,620
Nothing's Shocking,Jane's Addiction,1988,rock,NA,NA,NA,NA,NA,621
Bug,Dinosaur Jr.,1988,rock,NA,NA,NA,NA,NA,622
If I Should Fall From Grace With God,The Pogues,1988,"punk,rock,folk",2,Good for movies about class struggles and sinking ships. Also good for dancing cartoons. But not for me.,3.33,uk,2026-01-07T04:01:37Z,623
Vivid,Living Colour,1988,"metal,rock",NA,NA,NA,NA,NA,624
...And Justice For All,Metallica,1988,metal,NA,NA,NA,NA,NA,625
Superfuzz Bigmuff,Mudhoney,1988,"rock,punk",NA,NA,NA,NA,NA,626
16 Lovers Lane,The Go-Betweens,1988,rock,NA,NA,NA,NA,NA,627
Shadowland,k.d. lang,1988,"country,pop",NA,NA,NA,NA,NA,628
Tracy Chapman,Tracy Chapman,1988,folk,3,"A couple of great songs, but not a whole album.",3.79,us,2025-06-16T03:00:52Z,629
Viva Hate,Morrissey,1988,rock,NA,NA,NA,NA,NA,630
Idlewild,Everything But The Girl,1988,"rock,electronica,pop",NA,NA,NA,NA,NA,631
The Trinity Session,Cowboy Junkies,1988,"country,folk,rock",NA,NA,NA,NA,NA,632
Green,R.E.M.,1988,rock,NA,NA,NA,NA,NA,633
California,American Music Club,1988,rock,NA,NA,NA,NA,NA,634
Tank Battles,Dagmar Krause,1988,jazz,NA,NA,NA,NA,NA,635
The Sensual World,Kate Bush,1989,"pop,rock",NA,NA,NA,NA,NA,636
Disintegration,The Cure,1989,rock,NA,NA,NA,NA,NA,637
Technique,New Order,1989,"electronica,rock",NA,NA,NA,NA,NA,638
The Stone Roses,The Stone Roses,1989,rock,NA,NA,NA,NA,NA,639
Paul's Boutique,Beastie Boys,1989,hip-hop,NA,NA,NA,NA,NA,640
Moss Side Story,Barry Adamson,1989,rock,NA,NA,NA,NA,NA,641
Raw Like Sushi,Neneh Cherry,1989,"pop,hip-hop,electronica",1,"A little bit like Mano Negra, but they were better.",2.7,uk,2025-03-09T04:00:56Z,642
L'Eau Rouge,The Young Gods,1989,"rock,electronica",NA,NA,NA,NA,NA,643
Spy Vs. Spy: The Music Of Ornette Coleman,John Zorn,1989,jazz,NA,NA,NA,NA,NA,644
Like A Prayer,Madonna,1989,"pop,electronica",NA,NA,NA,NA,NA,645
90,808 State,1989,electronica,3,"I understand what was going on. But the gap between New Order and The Chemical Brothers was not filled by 808 State. However, I do recognize their importance.",2.7,uk,2025-03-12T04:01:07Z,646
Done By The Forces Of Nature,Jungle Brothers,1989,hip-hop,NA,NA,NA,NA,NA,647
Fromohio,fIREHOSE,1989,rock,NA,NA,NA,NA,NA,648
Club Classics Vol. One,Soul II Soul,1989,"soul,hip-hop,electronica",NA,NA,NA,NA,NA,649
Pump,Aerosmith,1989,rock,NA,NA,NA,NA,NA,650
The Real Thing,Faith No More,1989,"metal,rock",NA,NA,NA,NA,NA,651
Nick Of Time,Bonnie Raitt,1989,"rock,country,blues,folk,pop",NA,NA,NA,NA,NA,652
Let Love Rule,Lenny Kravitz,1989,rock,1,"Yeah. I'm gonna go ahead and skip this one.

UPDATE: I went back and listened to it. So, so boring.",3,us,2025-02-06T04:00:44Z,653
Doolittle,Pixies,1989,rock,NA,NA,NA,NA,NA,654
Djam Leelii,Baaba Maal,1989,world,NA,NA,NA,NA,NA,655
Playing With Fire,Spacemen 3,1989,rock,NA,NA,NA,NA,NA,656
The Healer,John Lee Hooker,1989,blues,NA,NA,NA,NA,NA,657
All Hail the Queen,Queen Latifah,1989,hip-hop,NA,NA,NA,NA,NA,658
Rhythm Nation 1814,Janet Jackson,1989,pop,NA,NA,NA,NA,NA,659
3 Feet High and Rising,De La Soul,1989,hip-hop,NA,NA,NA,NA,NA,660
What's That Noise?,Coldcut,1989,electronica,3,It's okay.,2.78,uk,2025-05-11T03:00:46Z,661
Pills 'n' Thrills And Bellyaches,Happy Mondays,1990,"rock,electronica",NA,NA,NA,NA,NA,662
Fear Of A Black Planet,Public Enemy,1990,hip-hop,NA,NA,NA,NA,NA,663
AmeriKKKa's Most Wanted,Ice Cube,1990,hip-hop,NA,NA,NA,NA,NA,664
Rust In Peace,Megadeth,1990,metal,NA,NA,NA,NA,NA,665
The La's,The La's,1990,"pop,rock",NA,NA,NA,NA,NA,666
Ritual De Lo Habitual,Jane's Addiction,1990,"metal,rock",NA,NA,NA,NA,NA,667
I Do Not Want What I Haven't Got,Sinead O'Connor,1990,"folk,rock",3,Okay.,3.26,ireland,2025-10-15T03:01:18Z,668
Heaven Or Las Vegas,Cocteau Twins,1990,"rock,electronica",NA,NA,NA,NA,NA,669
Behaviour,Pet Shop Boys,1990,"pop,electronica",NA,NA,NA,NA,NA,670
Nowhere,Ride,1990,rock,NA,NA,NA,NA,NA,671
Violator,Depeche Mode,1990,electronica,NA,NA,NA,NA,NA,672
Repeater,Fugazi,1990,rock,NA,NA,NA,NA,NA,673
Ragged Glory,Neil Young & Crazy Horse,1990,rock,NA,NA,NA,NA,NA,674
Listen Without Prejudice Vol. 1,George Michael,1990,"pop,rock,electronica",NA,NA,NA,NA,NA,675
En-Tact,The Shamen,1990,electronica,NA,NA,NA,NA,NA,676
Mama Said Knock You Out,LL Cool J,1990,hip-hop,NA,NA,NA,NA,NA,677
Goo,Sonic Youth,1990,rock,NA,NA,NA,NA,NA,678
Bossanova,Pixies,1990,rock,5,Absolutely fine.,3.38,us,2025-04-15T03:00:55Z,679
World Clique,Deee-Lite,1990,electronica,NA,NA,NA,NA,NA,680
Shake Your Money Maker,The Black Crowes,1990,rock,NA,NA,NA,NA,NA,681
Sex Packets,Digital Underground,1990,hip-hop,NA,NA,NA,NA,NA,682
People's Instinctive Travels and the Paths of Rhythm,A Tribe Called Quest,1990,hip-hop,NA,NA,NA,NA,NA,683
Step In The Arena,Gang Starr,1991,hip-hop,NA,NA,NA,NA,NA,684
O.G. Original Gangster,Ice T,1991,hip-hop,NA,NA,NA,NA,NA,685
Woodface,Crowded House,1991,rock,NA,NA,NA,NA,NA,686
Rising Above Bedlam,Jah Wobble's Invaders Of The Heart,1991,world,NA,NA,NA,NA,NA,687
Cypress Hill,Cypress Hill,1991,hip-hop,NA,NA,NA,NA,NA,688
Nevermind,Nirvana,1991,rock,3,"In Bloom and Something in the Way are maybe the best songs Nirvana ever wrote. But overall, there's too much screaming for my linking.",4.37,us,2025-01-16T04:01:10Z,689
Blood Sugar Sex Magik,Red Hot Chili Peppers,1991,rock,1,"“I’m forever near a stereo saying, ‘What the fuck is this garbage?’ And the answer is always ‘The Red Hot Chili Peppers.’”",3.49,us,2025-12-10T04:02:41Z,690
The Low End Theory,A Tribe Called Quest,1991,hip-hop,NA,NA,NA,NA,NA,691
Metallica,Metallica,1991,metal,NA,NA,NA,NA,NA,692
Loveless,My Bloody Valentine,1991,rock,4,Yep.,3.17,uk,2025-12-07T04:01:46Z,693
Apocalypse 91… The Enemy Strikes Black,Public Enemy,1991,hip-hop,NA,NA,NA,NA,NA,694
Screamadelica,Primal Scream,1991,"rock,electronica",NA,NA,NA,NA,NA,695
Achtung Baby,U2,1991,rock,NA,NA,NA,NA,NA,696
Bandwagonesque,Teenage Fanclub,1991,rock,NA,NA,NA,NA,NA,697
Every Good Boy Deserves Fudge,Mudhoney,1991,"punk,rock",2,Meh.,2.84,us,2025-11-30T04:01:48Z,698
Ten,Pearl Jam,1991,rock,NA,NA,NA,NA,NA,699
Blue Lines,Massive Attack,1991,"electronica,rock",3,Quite good.,3.38,uk,2025-06-02T03:00:43Z,700
Spiderland,Slint,1991,rock,NA,NA,NA,NA,NA,701
Peggy Suicide,Julian Cope,1991,"rock,punk",NA,NA,NA,NA,NA,702
Foxbase Alpha,Saint Etienne,1991,"pop,electronica",NA,NA,NA,NA,NA,703
Arise,Sepultura,1991,metal,NA,NA,NA,NA,NA,704
Qui sème le vent récolte le tempo,MC Solaar,1991,hip-hop,NA,NA,NA,NA,NA,705
The White Room,The KLF,1991,electronica,NA,NA,NA,NA,NA,706
Automatic For The People,R.E.M.,1992,rock,5,Love this one.,3.81,us,2025-02-10T04:00:58Z,707
It's A Shame About Ray,The Lemonheads,1992,rock,NA,NA,NA,NA,NA,708
Little Earthquakes,Tori Amos,1992,"pop,rock",2,Meh.,3.22,us,2025-09-24T03:01:11Z,709
Copper Blue,Sugar,1992,rock,1,The biggest meh.,2.97,us,2025-09-15T03:01:06Z,710
Slanted And Enchanted,Pavement,1992,rock,4,Fun.,3.03,us,2025-06-09T03:01:04Z,711
Ingenue,k.d. lang,1992,"country,pop,folk,rock",NA,NA,NA,NA,NA,712
Bizarre Ride II The Pharcyde,The Pharcyde,1992,hip-hop,NA,NA,NA,NA,NA,713
Hypocrisy Is The Greatest Luxury,The Disposable Heroes Of Hiphoprisy,1992,hip-hop,NA,NA,NA,NA,NA,714
KE*A*H** (Psalm 69),Ministry,1992,metal,NA,NA,NA,NA,NA,715
Lazer Guided Melodies,Spiritualized,1992,rock,NA,NA,NA,NA,NA,716
The Predator,Ice Cube,1992,hip-hop,NA,NA,NA,NA,NA,717
"3 Years, 5 Months And 2 Days In The Life Of...",Arrested Development,1992,hip-hop,NA,NA,NA,NA,NA,718
Your Arsenal,Morrissey,1992,rock,3,Great. But it lacks Johnny Marr.,3.05,uk,2026-01-12T04:02:49Z,719
Dirty,Sonic Youth,1992,rock,5,All time tops.,3.11,us,2025-06-24T03:00:39Z,720
Rage Against The Machine,Rage Against The Machine,1992,rock,4,This is a good one.,3.99,us,2025-09-14T03:00:52Z,721
"Haut de gamme / Koweït, rive gauche",Koffi Olomide,1992,world,NA,NA,NA,NA,NA,722
Connected,Stereo MC's,1992,"electronica,hip-hop",2,A few good party songs here and there. Not a great album.,2.95,uk,2026-02-19T04:01:48Z,723
Bone Machine,Tom Waits,1992,rock,4,I guess I didn't know I was a Tom Waits fan.,2.85,us,2025-04-01T03:01:03Z,724
Vulgar Display Of Power,Pantera,1992,metal,NA,NA,NA,NA,NA,725
Dry,PJ Harvey,1992,rock,3,It's okay.,3.24,uk,2025-11-03T04:01:41Z,726
Dirt,Alice In Chains,1992,"metal,rock",NA,NA,NA,NA,NA,727
Selected Ambient Works 85-92,Aphex Twin,1992,electronica,NA,NA,NA,NA,NA,728
Lam Toro,Baaba Maal,1992,world,NA,NA,NA,NA,NA,729
The Chronic,Dr. Dre,1992,hip-hop,NA,NA,NA,NA,NA,730
Devotional Songs,Nusrat Fateh Ali Khan,1992,world,NA,NA,NA,NA,NA,731
Henry's Dream,Nick Cave & The Bad Seeds,1992,rock,NA,NA,NA,NA,NA,732
Emergency On Planet Earth,Jamiroquai,1993,"funk,jazz",NA,NA,NA,NA,NA,733
Fuzzy,Grant Lee Buffalo,1993,rock,4,Excellent.,3.02,us,2025-08-03T03:00:56Z,734
Wild Wood,Paul Weller,1993,"pop,rock",NA,NA,NA,NA,NA,735
Tuesday Night Music Club,Sheryl Crow,1993,"pop,rock",NA,NA,NA,NA,NA,736
Rid Of Me,PJ Harvey,1993,rock,3,Fun.,3.12,uk,2025-12-28T04:02:13Z,737
Modern Life Is Rubbish,Blur,1993,rock,NA,NA,NA,NA,NA,738
Strange Cargo III,William Orbit,1993,electronica,NA,NA,NA,NA,NA,739
Suede,Suede,1993,rock,4,"What's not to love about Brit-pop? Even more accurate, what's not to love about early 90's Brit-pop?",3.11,uk,2025-02-12T04:00:56Z,740
Exile In Guyville,Liz Phair,1993,"pop,rock",NA,NA,NA,NA,NA,741
Siamese Dream,The Smashing Pumpkins,1993,rock,NA,NA,NA,NA,NA,742
Enter The Wu-Tang (36 Chambers),Wu-Tang Clan,1993,hip-hop,NA,NA,NA,NA,NA,743
The Infotainment Scan,The Fall,1993,punk,NA,NA,NA,NA,NA,744
Debut,Björk,1993,"pop,electronica,rock",NA,NA,NA,NA,NA,745
Giant Steps,The Boo Radleys,1993,rock,NA,NA,NA,NA,NA,746
Very,Pet Shop Boys,1993,"pop,electronica",NA,NA,NA,NA,NA,747
Bubble And Scrape,Sebadoh,1993,rock,4,So much fun.,2.65,us,2025-07-08T03:00:47Z,748
New Wave,The Auteurs,1993,"pop,rock",3,Good enough.,2.86,uk,2025-11-09T04:01:40Z,749
In Utero,Nirvana,1993,rock,NA,NA,NA,NA,NA,750
Gentlemen,The Afghan Whigs,1993,rock,NA,NA,NA,NA,NA,751
Orbital 2,Orbital,1993,electronica,4,Fantastic.,2.69,uk,2025-05-25T03:00:43Z,752
Whatever,Aimee Mann,1993,"pop,rock",3,I guess it's fine. Not really my style.,2.82,us,2025-02-05T04:00:50Z,753
Doggystyle,Snoop Dogg,1993,hip-hop,NA,NA,NA,NA,NA,754
Venus Luxure No. 1 Baby,Girls Against Boys,1993,rock,NA,NA,NA,NA,NA,755
Music For The Jilted Generation,The Prodigy,1994,electronica,NA,NA,NA,NA,NA,756
Grace,Jeff Buckley,1994,rock,5,This is something else. Wonderful.,3.74,us,2025-03-11T04:01:01Z,757
Parklife,Blur,1994,rock,NA,NA,NA,NA,NA,758
Dog Man Star,Suede,1994,rock,NA,NA,NA,NA,NA,759
Haunted Dancehall,The Sabres Of Paradise,1994,electronica,NA,NA,NA,NA,NA,760
Live Through This,Hole,1994,rock,NA,NA,NA,NA,NA,761
Snivilisation,Orbital,1994,electronica,NA,NA,NA,NA,NA,762
Definitely Maybe,Oasis,1994,rock,NA,NA,NA,NA,NA,763
Dummy,Portishead,1994,electronica,4,This is the kind of album you simply sit down and enjoy. What a beauty.,3.71,uk,2026-02-10T04:02:04Z,764
The Sun Rises In The East,Jeru The Damaja,1994,hip-hop,NA,NA,NA,NA,NA,765
Illmatic,Nas,1994,hip-hop,NA,NA,NA,NA,NA,766
Teenager Of The Year,Frank Black,1994,rock,NA,NA,NA,NA,NA,767
Tical,Method Man,1994,hip-hop,NA,NA,NA,NA,NA,768
Smash,The Offspring,1994,"punk,rock",NA,NA,NA,NA,NA,769
Superunknown,Soundgarden,1994,rock,3,NA,3.65,us,2025-08-28T03:00:55Z,770
The Downward Spiral,Nine Inch Nails,1994,rock,NA,NA,NA,NA,NA,771
Dookie,Green Day,1994,"punk,rock",NA,NA,NA,NA,NA,772
Protection,Massive Attack,1994,electronica,3,Not their best. But not bad.,3.24,uk,2025-11-05T04:01:53Z,773
Brutal Youth,Elvis Costello,1994,"rock,pop",NA,NA,NA,NA,NA,774
MTV Unplugged In New York,Nirvana,1994,rock,NA,NA,NA,NA,NA,775
Ready To Die,The Notorious B.I.G.,1994,hip-hop,NA,NA,NA,NA,NA,776
Ill Communication,Beastie Boys,1994,"hip-hop,rock",NA,NA,NA,NA,NA,777
Crazysexycool,TLC,1994,"hip-hop,pop",NA,NA,NA,NA,NA,778
Vauxhall And I,Morrissey,1994,rock,NA,NA,NA,NA,NA,779
Crooked Rain Crooked Rain,Pavement,1994,rock,NA,NA,NA,NA,NA,780
Yank Crime,Drive Like Jehu,1994,"punk,rock",3,Noisy. Okay.,2.71,us,2025-11-24T04:02:10Z,781
The Holy Bible,Manic Street Preachers,1994,rock,NA,NA,NA,NA,NA,782
G. Love And Special Sauce,G. Love & Special Sauce,1994,"blues,hip-hop,rock",NA,NA,NA,NA,NA,783
Talking Timbuktu,Ali Farka Touré,1994,world,NA,NA,NA,NA,NA,784
Timeless,Goldie,1995,electronica,NA,NA,NA,NA,NA,785
Alien Lanes,Guided By Voices,1995,rock,3,Some interesting stuff. But not really.,2.75,us,2025-04-02T03:00:55Z,786
"Scream, Dracula, Scream",Rocket From The Crypt,1995,"rock,punk",3,It sounds like the music I listened to when I was 14. I do not know if that's a good or a bad thing.,2.76,us,2025-01-09T04:00:54Z,787
Jagged Little Pill,Alanis Morissette,1995,"pop,rock",NA,NA,NA,NA,NA,788
Brown Sugar,D'Angelo,1995,soul,NA,NA,NA,NA,NA,789
(What's The Story) Morning Glory,Oasis,1995,rock,NA,NA,NA,NA,NA,790
Different Class,Pulp,1995,rock,NA,NA,NA,NA,NA,791
Exit Planet Dust,The Chemical Brothers,1995,electronica,NA,NA,NA,NA,NA,792
Foo Fighters,Foo Fighters,1995,rock,NA,NA,NA,NA,NA,793
Elastica,Elastica,1995,rock,NA,NA,NA,NA,NA,794
I Should Coco,Supergrass,1995,rock,NA,NA,NA,NA,NA,795
Garbage,Garbage,1995,"rock,electronica",4,NA,3.39,us,2025-09-11T03:01:18Z,796
A Northern Soul,The Verve,1995,rock,3,"Sure, I guess why not.",2.91,uk,2025-03-16T04:01:01Z,797
Mellon Collie and the Infinite Sadness,The Smashing Pumpkins,1995,rock,4,Love this one.,3.68,us,2025-04-07T03:01:00Z,798
Femi Kuti,Femi Kuti,1995,"pop,world",NA,NA,NA,NA,NA,799
Leftism,Leftfield,1995,electronica,4,Fun.,2.91,uk,2025-07-30T03:00:50Z,800
The Bends,Radiohead,1995,rock,NA,NA,NA,NA,NA,801
Maxinquaye,Tricky,1995,electronica,NA,NA,NA,NA,NA,802
Only Built 4 Cuban Linx,Raekwon,1995,hip-hop,NA,NA,NA,NA,NA,803
Smokers Delight,Nightmares On Wax,1995,"electronica,hip-hop",NA,NA,NA,NA,NA,804
Me Against The World,2Pac,1995,hip-hop,NA,NA,NA,NA,NA,805
Liquid Swords,GZA,1995,hip-hop,NA,NA,NA,NA,NA,806
Tidal,Fiona Apple,1996,"pop,rock",NA,NA,NA,NA,NA,807
Come Find Yourself,Fun Lovin' Criminals,1996,hip-hop,NA,NA,NA,NA,NA,808
Beautiful Freak,Eels,1996,rock,NA,NA,NA,NA,NA,809
Antichrist Superstar,Marilyn Manson,1996,metal,NA,NA,NA,NA,NA,810
Better Living Through Chemistry,Fatboy Slim,1996,electronica,NA,NA,NA,NA,NA,811
1977,Ash,1996,rock,NA,NA,NA,NA,NA,812
Emperor Tomato Ketchup,Stereolab,1996,"rock,electronica",NA,NA,NA,NA,NA,813
Everything Must Go,Manic Street Preachers,1996,rock,NA,NA,NA,NA,NA,814
Casanova,The Divine Comedy,1996,"pop,rock",NA,NA,NA,NA,NA,815
First Band On The Moon,The Cardigans,1996,"pop,rock",NA,NA,NA,NA,NA,816
Maxwell's Urban Hang Suite,Maxwell,1996,"pop,funk,soul",NA,NA,NA,NA,NA,817
Second Toughest In The Infants,Underworld,1996,electronica,NA,NA,NA,NA,NA,818
Odelay,Beck,1996,"rock,folk",NA,NA,NA,NA,NA,819
Walking Wounded,Everything But The Girl,1996,"rock,electronica,pop",NA,NA,NA,NA,NA,820
Being There,Wilco,1996,"country,rock",5,Adore this one.,3.22,us,2025-04-24T03:00:44Z,821
If You're Feeling Sinister,Belle & Sebastian,1996,"rock,pop",NA,NA,NA,NA,NA,822
Now I Got Worry,The Jon Spencer Blues Explosion,1996,"rock,punk",1,"I usually like loud and weird, but this is not getting it done.",2.52,us,2025-10-28T04:01:37Z,823
Millions Now Living Will Never Die,Tortoise,1996,rock,3,Almost okay.,2.89,us,2025-02-27T04:00:55Z,824
Tigermilk,Belle & Sebastian,1996,"rock,pop",NA,NA,NA,NA,NA,825
Fuzzy Logic,Super Furry Animals,1996,rock,4,Good surprise.,2.94,uk,2025-12-21T04:01:38Z,826
Oedipus Schmoedipus,Barry Adamson,1996,"rock,electronica",NA,NA,NA,NA,NA,827
Endtroducing.....,DJ Shadow,1996,"hip-hop,electronica",NA,NA,NA,NA,NA,828
The Score,Fugees,1996,hip-hop,NA,NA,NA,NA,NA,829
Murder Ballads,Nick Cave & The Bad Seeds,1996,rock,NA,NA,NA,NA,NA,830
Dr. Octagonecologyst,Dr. Octagon,1996,hip-hop,NA,NA,NA,NA,NA,831
Roots,Sepultura,1996,metal,NA,NA,NA,NA,NA,832
Dust,Screaming Trees,1996,rock,NA,NA,NA,NA,NA,833
Logical Progression,LTJ Bukem,1996,electronica,NA,NA,NA,NA,NA,834
Either Or,Elliott Smith,1997,rock,4,Great.,3.39,us,2025-06-05T03:00:52Z,835
Let's Get Killed,David Holmes,1997,electronica,2,Huh?,2.67,uk,2026-01-13T04:01:58Z,836
Vanishing Point,Primal Scream,1997,"rock,electronica",NA,NA,NA,NA,NA,837
Blur,Blur,1997,rock,NA,NA,NA,NA,NA,838
Time Out Of Mind,Bob Dylan,1997,"rock,folk",NA,NA,NA,NA,NA,839
Buena Vista Social Club,Buena Vista Social Club,1997,"jazz,world,latin",NA,NA,NA,NA,NA,840
Dig Your Own Hole,The Chemical Brothers,1997,electronica,NA,NA,NA,NA,NA,841
OK Computer,Radiohead,1997,rock,NA,NA,NA,NA,NA,842
A Short Album About Love,The Divine Comedy,1997,"pop,rock",NA,NA,NA,NA,NA,843
New Forms,Roni Size,1997,electronica,NA,NA,NA,NA,NA,844
Urban Hymns,The Verve,1997,rock,3,Meh.,3.36,uk,2025-06-04T03:00:53Z,845
Life Thru A Lens,Robbie Williams,1997,"pop,rock",NA,NA,NA,NA,NA,846
The Fat Of The Land,The Prodigy,1997,electronica,NA,NA,NA,NA,NA,847
Ladies And Gentlemen We Are Floating In Space,Spiritualized,1997,rock,4,I first listened to Spiritualized in my teens. It was actually this very record. I hated it. I was so bored. I never gave them another chance. What a difference time makes.,3.15,uk,2025-09-07T03:01:02Z,848
Dig Me Out,Sleater-Kinney,1997,"rock,punk",4,Fantastic.,3.07,us,2025-04-13T03:01:02Z,849
Tellin’ Stories,The Charlatans,1997,rock,NA,NA,NA,NA,NA,850
The Boatman's Call,Nick Cave & The Bad Seeds,1997,rock,NA,NA,NA,NA,NA,851
In It For The Money,Supergrass,1997,rock,3,Mostly okay.,3.23,uk,2025-05-27T03:00:48Z,852
Supa Dupa Fly,Missy Elliott,1997,hip-hop,NA,NA,NA,NA,NA,853
When I Was Born For The 7th Time,Cornershop,1997,"pop,rock",NA,NA,NA,NA,NA,854
Homework,Daft Punk,1997,electronica,4,They were onto something.,3.29,france,2025-05-06T03:00:50Z,855
Butterfly,Mariah Carey,1997,pop,NA,NA,NA,NA,NA,856
Maverick A Strike,Finley Quaye,1997,reggae,NA,NA,NA,NA,NA,857
Shleep,Robert Wyatt,1997,rock,NA,NA,NA,NA,NA,858
...The Dandy Warhols Come Down,The Dandy Warhols,1997,rock,NA,NA,NA,NA,NA,859
Celebrity Skin,Hole,1998,rock,NA,NA,NA,NA,NA,860
Clandestino,Manu Chao,1998,"world,latin",NA,NA,NA,NA,NA,861
White Ladder,David Gray,1998,"pop,rock",4,Good surprise.,3.06,uk,2025-07-16T03:00:44Z,862
Music Has The Right To Children,Boards of Canada,1998,electronica,NA,NA,NA,NA,NA,863
The Miseducation of Lauryn Hill,Lauryn Hill,1998,"hip-hop,soul",NA,NA,NA,NA,NA,864
Apocalypse Dudes,Turbonegro,1998,"punk,rock",NA,NA,NA,NA,NA,865
Car Wheels On A Gravel Road,Lucinda Williams,1998,"country,folk",2,Meh.,3,us,2025-03-18T04:00:56Z,866
Live 1966 (The Royal Albert Hall Concert),Bob Dylan,1998,"rock,folk",NA,NA,NA,NA,NA,867
This Is Hardcore,Pulp,1998,rock,NA,NA,NA,NA,NA,868
System Of A Down,System Of A Down,1998,"metal,rock",NA,NA,NA,NA,NA,869
You've Come a Long Way Baby,Fatboy Slim,1998,electronica,3,It's fine.,3.34,uk,2025-04-29T03:00:45Z,870
Follow The Leader,Korn,1998,metal,NA,NA,NA,NA,NA,871
Moon Safari,Air,1998,"pop,electronica",NA,NA,NA,NA,NA,872
Ray Of Light,Madonna,1998,"pop,electronica",NA,NA,NA,NA,NA,873
Deserter's Songs,Mercury Rev,1998,"rock,pop",NA,NA,NA,NA,NA,874
Devil Without A Cause,Kid Rock,1998,"metal,rock",NA,NA,NA,NA,NA,875
Mermaid Avenue,Billy Bragg,1998,"rock,folk",5,Wilco is one my favourites.,3.17,uk,2025-06-18T03:00:54Z,876
Queens of the Stone Age,Queens Of The Stone Age,1998,rock,NA,NA,NA,NA,NA,877
OK,Talvin Singh,1998,electronica,2,Meh.,2.56,uk,2025-12-04T04:01:55Z,878
The Slim Shady LP,Eminem,1999,hip-hop,NA,NA,NA,NA,NA,879
The Soft Bulletin,The Flaming Lips,1999,"rock,pop",4,Good enough.,3.27,us,2025-06-30T03:00:43Z,880
Beyond Skin,Nitin Sawhney,1999,"electronica,jazz",NA,NA,NA,NA,NA,881
Darkdancer,Les Rythmes Digitales,1999,electronica,NA,NA,NA,NA,NA,882
Hms Fable,Shack,1999,"pop,rock",NA,NA,NA,NA,NA,883
The Man Who,Travis,1999,"pop,rock",NA,NA,NA,NA,NA,884
Californication,Red Hot Chili Peppers,1999,rock,NA,NA,NA,NA,NA,885
Slipknot,Slipknot,1999,metal,NA,NA,NA,NA,NA,886
Make Yourself,Incubus,1999,"metal,rock",NA,NA,NA,NA,NA,887
Le Tigre,Le Tigre,1999,"rock,punk,electronica",4,It has its good/great/excellent moments. It has many of them.,3.14,us,2025-01-07T04:00:56Z,888
Central Reservation,Beth Orton,1999,"folk,pop",3,It's a good listen.,3.05,uk,2025-07-28T03:00:44Z,889
Play,Moby,1999,electronica,NA,NA,NA,NA,NA,890
The Contino Sessions,Death In Vegas,1999,"electronica,rock",4,Surprising.,2.9,us,2025-05-14T03:00:45Z,891
69 Love Songs,The Magnetic Fields,1999,"pop,rock",NA,NA,NA,NA,NA,892
Remedy,Basement Jaxx,1999,electronica,4,"Dancey, groovy, fun.",2.68,uk,2025-02-04T04:00:44Z,893
Kenza,Khaled,1999,"pop,world",NA,NA,NA,NA,NA,894
Ágætis Byrjun,Sigur Rós,1999,rock,3,It's okay.,3.37,iceland,2025-12-29T04:02:41Z,895
S&M,Metallica,1999,metal,NA,NA,NA,NA,NA,896
São Paulo Confessions,Suba,1999,electronica,NA,NA,NA,NA,NA,897
I See A Darkness,"Bonnie ""Prince"" Billy",1999,"folk,rock",NA,NA,NA,NA,NA,898
Post Orgasmic Chill,Skunk Anansie,1999,"metal,rock",NA,NA,NA,NA,NA,899
...Baby One More Time,Britney Spears,1999,pop,NA,NA,NA,NA,NA,900
Apple Venus Volume 1,XTC,1999,"rock,pop",3,A few great songs here and there. Might have to listen to it again.,2.84,uk,2026-01-25T04:01:50Z,901
"Stories From The City, Stories From The Sea",PJ Harvey,2000,rock,NA,NA,NA,NA,NA,902
Figure 8,Elliott Smith,2000,rock,NA,NA,NA,NA,NA,903
Like Water For Chocolate,Common,2000,"hip-hop,soul",NA,NA,NA,NA,NA,904
Tanto Tempo,Bebel Gilberto,2000,"latin,jazz",NA,NA,NA,NA,NA,905
Punishing Kiss,Ute Lemper,2000,pop,NA,NA,NA,NA,NA,906
Stankonia,OutKast,2000,hip-hop,NA,NA,NA,NA,NA,907
Mama's Gun,Erykah Badu,2000,"hip-hop,soul",NA,NA,NA,NA,NA,908
Our Aim Is To Satisfy,Red Snapper,2000,electronica,NA,NA,NA,NA,NA,909
Parachutes,Coldplay,2000,"pop,rock",NA,NA,NA,NA,NA,910
Virgin Suicides,Air,2000,"pop,electronica,rock",NA,NA,NA,NA,NA,911
The Marshall Mathers LP,Eminem,2000,hip-hop,NA,NA,NA,NA,NA,912
Felt Mountain,Goldfrapp,2000,"electronica,pop",NA,NA,NA,NA,NA,913
All That You Can't Leave Behind,U2,2000,rock,NA,NA,NA,NA,NA,914
Heartbreaker,Ryan Adams,2000,"country,folk,rock",4,Solid.,3.03,us,2025-10-19T03:00:52Z,915
Kid A,Radiohead,2000,rock,NA,NA,NA,NA,NA,916
Since I Left You,The Avalanches,2000,"rock,electronica",5,"I knew some of The Avalanches, but I've never devoted the time to listen to a full album. What a magnificent surprise.",3.28,australia,2025-09-22T03:00:46Z,917
Sincere,Mj Cole,2000,electronica,NA,NA,NA,NA,NA,918
The Hour Of Bewilderbeast,Badly Drawn Boy,2000,"pop,rock,electronica",NA,NA,NA,NA,NA,919
Red Dirt Girl,Emmylou Harris,2000,"country,folk",NA,NA,NA,NA,NA,920
Nixon,Lambchop,2000,"country,pop,rock",NA,NA,NA,NA,NA,921
Welcome to the Afterfuture,Mike Ladd,2000,"hip-hop,electronica",NA,NA,NA,NA,NA,922
Hybrid Theory,Linkin Park,2000,rock,1,Meh.,3.39,us,2025-10-16T03:01:24Z,923
Chocolate Starfish And The Hot Dog Flavored Water,Limp Bizkit,2000,rock,3,"Well, this certainly was better than I had expected. But there's a reason why that kind of music only lasted for a few years.",2.5,us,2025-04-03T03:00:59Z,924
Music,Madonna,2000,"pop,electronica",NA,NA,NA,NA,NA,925
Lost Souls,Doves,2000,rock,4,Hooked from the get go. Love this one.,3.16,uk,2025-02-20T04:00:56Z,926
Chore of Enchantment,Giant Sand,2000,rock,NA,NA,NA,NA,NA,927
Yankee Hotel Foxtrot,Wilco,2001,rock,5,*chef's kiss*,3.31,us,2025-05-29T03:00:44Z,928
The Blueprint,JAY Z,2001,hip-hop,NA,NA,NA,NA,NA,929
Vespertine,Björk,2001,"pop,electronica",5,Beautiful.,3.16,iceland,2025-05-21T03:00:43Z,930
Southern Rock Opera,Drive-By Truckers,2001,"country,rock",2,Meh. Done many times before.,2.81,us,2025-12-11T04:01:30Z,931
Is This It,The Strokes,2001,rock,NA,NA,NA,NA,NA,932
La Revancha Del Tango,Gotan Project,2001,"electronica,jazz,world,latin",1,"This is the exact album that seemingly all restaurants in México played between 2001 and 2005, probably later. And for a reason. It's background music, nothing more.",3.04,argentina,2025-09-28T03:01:06Z,933
Rings Around The World,Super Furry Animals,2001,rock,2,"There comes a point, and we arrive quite quickly to it, when all brit-pop sounds exactly the same. This is not necessarily a bad album; it's just one more.",2.97,uk,2025-12-03T04:02:16Z,934
Gold,Ryan Adams,2001,"country,rock",NA,NA,NA,NA,NA,935
White Blood Cells,The White Stripes,2001,rock,5,NA,3.66,us,2025-09-23T03:00:50Z,936
Time (The Revelator),Gillian Welch,2001,country,NA,NA,NA,NA,NA,937
Melody A.M.,Röyksopp,2001,electronica,NA,NA,NA,NA,NA,938
Your New Favourite Band,The Hives,2001,"rock,punk",NA,NA,NA,NA,NA,939
Gorillaz,Gorillaz,2001,rock,NA,NA,NA,NA,NA,940
Bright Flight,Silver Jews,2001,rock,NA,NA,NA,NA,NA,941
Amnesiac,Radiohead,2001,rock,NA,NA,NA,NA,NA,942
Survivor,Destiny's Child,2001,pop,NA,NA,NA,NA,NA,943
Hot Shots II,The Beta Band,2001,"rock,electronica",NA,NA,NA,NA,NA,944
A Rush Of Blood To The Head,Coldplay,2002,"pop,rock",NA,NA,NA,NA,NA,945
Power In Numbers,Jurassic 5,2002,hip-hop,NA,NA,NA,NA,NA,946
American IV: The Man Comes Around,Johnny Cash,2002,country,NA,NA,NA,NA,NA,947
Come Away With Me,Norah Jones,2002,"jazz,pop",NA,NA,NA,NA,NA,948
The Rising,Bruce Springsteen,2002,rock,NA,NA,NA,NA,NA,949
Phrenology,The Roots,2002,hip-hop,NA,NA,NA,NA,NA,950
Yoshimi Battles The Pink Robots,The Flaming Lips,2002,"rock,pop",NA,NA,NA,NA,NA,951
The Last Broadcast,Doves,2002,rock,NA,NA,NA,NA,NA,952
The Coral,The Coral,2002,"pop,rock",4,It’s fun. Very fun.,3,uk,2025-12-23T04:02:23Z,953
Under Construction,Missy Elliott,2002,hip-hop,NA,NA,NA,NA,NA,954
Sea Change,Beck,2002,"rock,folk",5,Beautiful.,3.33,us,2025-08-11T03:00:48Z,955
Stripped,Christina Aguilera,2002,pop,NA,NA,NA,NA,NA,956
Highly Evolved,The Vines,2002,rock,4,Fun.,3.03,australia,2025-08-06T03:00:44Z,957
Justified,Justin Timberlake,2002,pop,3,"Some good, some boring",NA,us,2026-03-04T00:00:00Z,958
Sunshine Hit Me,The Bees,2002,rock,2,Some good songs here and there. Not a great album.,2.98,uk,2026-01-11T04:01:50Z,959
A Little Deeper,Ms. Dynamite,2002,"hip-hop,electronica",3,It's a constant hit and miss. Not a solid album.,2.82,uk,2025-11-12T04:01:35Z,960
Elephant,The White Stripes,2003,rock,4,Yes.,3.85,us,2025-10-27T04:01:36Z,961
Boy In Da Corner,Dizzee Rascal,2003,"hip-hop,electronica",NA,NA,NA,NA,NA,962
Wonderful Rainbow,Lightning Bolt,2003,rock,2,NA,2.29,us,2025-01-21T04:01:01Z,963
Speakerboxxx/The Love Below,OutKast,2003,hip-hop,NA,NA,NA,NA,NA,964
Fever To Tell,Yeah Yeah Yeahs,2003,"rock,punk",NA,NA,NA,NA,NA,965
Deloused in the Comatorium,The Mars Volta,2003,rock,4,This is something else.,3.19,us,2025-08-24T03:00:45Z,966
Frank,Amy Winehouse,2003,"soul,jazz,rock",3,Good enough.,NA,uk,2025-02-24T00:00:00Z,967
Get Rich Or Die Tryin',50 Cent,2003,hip-hop,NA,NA,NA,NA,NA,968
Hail To the Thief,Radiohead,2003,rock,NA,NA,NA,NA,NA,969
Permission to Land,The Darkness,2003,"metal,rock",NA,NA,NA,NA,NA,970
Feast of Wire,Calexico,2003,rock,3,Nortec did it better.,3.29,us,2025-01-02T04:00:50Z,971
Youth And Young Manhood,Kings of Leon,2003,rock,NA,NA,NA,NA,NA,972
Want One,Rufus Wainwright,2003,"pop,rock",2,It’s fine. Nothing more than that.,2.9,us,2026-01-05T04:02:20Z,973
So Much For The City,The Thrills,2003,rock,NA,NA,NA,NA,NA,974
Franz Ferdinand,Franz Ferdinand,2004,rock,NA,NA,NA,NA,NA,975
Funeral,Arcade Fire,2004,"rock,pop",NA,NA,NA,NA,NA,976
Cee-Lo Green... Is The Soul Machine,Cee Lo Green,2004,"hip-hop,soul",NA,NA,NA,NA,NA,977
You Are The Quarry,Morrissey,2004,rock,NA,NA,NA,NA,NA,978
A Grand Don't Come For Free,The Streets,2004,hip-hop,NA,NA,NA,NA,NA,979
Want Two,Rufus Wainwright,2004,"pop,rock",NA,NA,NA,NA,NA,980
American Idiot,Green Day,2004,"punk,rock",1,"I really liked this one when it came out. Now, during this relisten, I was so bored.",3.77,us,2025-10-22T03:01:36Z,981
Destroy Rock & Roll,Mylo,2004,electronica,4,Very fun.,2.88,uk,2025-08-14T03:00:47Z,982
Penance Soiree,The Icarus Line,2004,rock,NA,NA,NA,NA,NA,983
The College Dropout,Kanye West,2004,hip-hop,NA,NA,NA,NA,NA,984
Rejoicing In The Hands,Devendra Banhart,2004,"folk,rock",3,NA,2.82,us,2025-10-12T03:00:58Z,985
Abattoir Blues / The Lyre of Orpheus,Nick Cave & The Bad Seeds,2004,rock,5,Beautiful.,3.32,australia,2025-04-08T03:01:04Z,986
Smile,Brian Wilson,2004,"pop,rock",NA,NA,NA,NA,NA,987
Medúlla,Björk,2004,"pop,electronica",NA,NA,NA,NA,NA,988
Street Signs,Ozomatli,2004,"world,funk,hip-hop,latin",NA,NA,NA,NA,NA,989
Hot Fuss,The Killers,2004,rock,4,NA,3.73,us,2025-06-26T03:00:41Z,990
The Libertines,The Libertines,2004,rock,3,Meh.,3.01,uk,2025-05-28T03:00:45Z,991
"They Were Wrong, So We Drowned",Liars,2004,rock,NA,NA,NA,NA,NA,992
Aha Shake Heartbreak,Kings of Leon,2004,rock,2,Meh.,2.96,us,2025-09-08T03:01:12Z,993
Fly Or Die,N.E.R.D,2004,"hip-hop,rock",NA,NA,NA,NA,NA,994
Scissor Sisters,Scissor Sisters,2004,"rock,electronica,pop",3,It starts with everything it has. Then it’s a string of hits and misses.,3.23,us,2025-08-13T03:00:48Z,995
"Desperate Youth, Blood Thirsty Babes",TV On The Radio,2004,rock,NA,NA,NA,NA,NA,996
Who Killed...... The Zutons?,The Zutons,2004,rock,3,Fun.,3.14,uk,2025-12-30T04:02:48Z,997
Heroes to Zeros,The Beta Band,2004,"rock,electronica",NA,NA,NA,NA,NA,998
Coles Corner,Richard Hawley,2005,"pop,rock",5,NA,3.03,uk,2025-08-05T03:00:51Z,999
Be,Common,2005,"hip-hop,soul",NA,NA,NA,NA,NA,1000
Illinois,Sufjan Stevens,2005,"pop,folk,rock",NA,NA,NA,NA,NA,1001
I Am a Bird Now,Antony and the Johnsons,2005,"pop,rock",NA,NA,NA,NA,NA,1002
Guero,Beck,2005,rock,NA,NA,NA,NA,NA,1003
Arular,M.I.A.,2005,"hip-hop,electronica",NA,NA,NA,NA,NA,1004
Get Behind Me Satan,The White Stripes,2005,rock,NA,NA,NA,NA,NA,1005
"Whatever People Say I Am, That's What I'm Not",Arctic Monkeys,2006,rock,NA,NA,NA,NA,NA,1006
Savane,Ali Farka Touré,2006,"blues,world",NA,NA,NA,NA,NA,1007
Fishscale,Ghostface Killah,2006,hip-hop,NA,NA,NA,NA,NA,1008
Back To Black,Amy Winehouse,2006,soul,NA,NA,NA,NA,NA,1009
Black Holes and Revelations,Muse,2006,rock,NA,NA,NA,NA,NA,1010
Lupe Fiasco's Food & Liquor,Lupe Fiasco,2006,hip-hop,NA,NA,NA,NA,NA,1011
Ys,Joanna Newsom,2006,"folk,pop,rock",NA,NA,NA,NA,NA,1012
Back to Basics,Christina Aguilera,2006,pop,NA,NA,NA,NA,NA,1013
Kala,M.I.A.,2007,"hip-hop,electronica",4,I like it. But not so much as to save it.,2.91,uk,2025-03-27T04:00:59Z,1014
Cross,Justice,2007,electronica,NA,NA,NA,NA,NA,1015
Oracular Spectacular,MGMT,2007,"rock,electronica,pop",3,NA,3.62,us,2025-01-01T04:00:58Z,1016
Sound of Silver,LCD Soundsystem,2007,"rock,electronica",5,This is one of my favourites.,3.42,us,2025-10-14T03:01:07Z,1017
In Rainbows,Radiohead,2007,rock,NA,NA,NA,NA,NA,1018
Neon Bible,Arcade Fire,2007,rock,5,What a master piece.,3.34,canada,2025-03-31T03:01:04Z,1019
Myths Of The Near Future,Klaxons,2007,rock,NA,NA,NA,NA,NA,1020
"The Good, The Bad & The Queen","The Good, The Bad & The Queen",2007,rock,4,Pretty great.,3.03,uk,2026-01-19T04:01:53Z,1021
Fleet Foxes,Fleet Foxes,2008,"pop,folk,rock",NA,NA,NA,NA,NA,1022
All Hope Is Gone,Slipknot,2008,metal,NA,NA,NA,NA,NA,1023
Third,Portishead,2008,"electronica,rock",NA,NA,NA,NA,NA,1024
Dear Science,TV On The Radio,2008,rock,NA,NA,NA,NA,NA,1025
The Renaissance,Q-Tip,2008,hip-hop,NA,NA,NA,NA,NA,1026
The Seldom Seen Kid,Elbow,2008,rock,NA,NA,NA,NA,NA,1027
The Age Of The Understatement,The Last Shadow Puppets,2008,rock,NA,NA,NA,NA,NA,1028
Seventh Tree,Goldfrapp,2008,"electronica,pop",NA,NA,NA,NA,NA,1029
Only By The Night,Kings of Leon,2008,rock,NA,NA,NA,NA,NA,1030
Two Dancers,Wild Beasts,2009,rock,NA,NA,NA,NA,NA,1031
xx,The xx,2009,"pop,rock",3,Good enough.,3.36,uk,2025-06-19T03:00:53Z,1032
Merriweather Post Pavilion,Animal Collective,2009,"rock,pop",4,Jewel.,2.91,us,2025-10-09T03:01:06Z,1033
Fever Ray,Fever Ray,2009,"pop,electronica",NA,NA,NA,NA,NA,1034
It's Blitz!,Yeah Yeah Yeahs,2009,"rock,punk,electronica",4,What a beauty.,3.48,us,2026-01-22T04:01:58Z,1035
Veckatimest,Grizzly Bear,2009,"pop,folk,rock",4,NA,3.05,us,2025-03-03T04:00:52Z,1036
Bitte Orca,Dirty Projectors,2009,"pop,folk,rock,electronica",NA,NA,NA,NA,NA,1037
Sometimes I Wish We Were An Eagle,Bill Callahan,2009,country,NA,NA,NA,NA,NA,1038
Halcyon Digest,Deerhunter,2010,rock,4,I didn't know what to expect with the Diane Arbus-ish cover. What a great surprise this was.,3.05,us,2025-02-09T04:00:58Z,1039
Brothers,The Black Keys,2010,"rock,blues",4,"It's almost very good, great start and end. Kind of weak in the middle.",3.57,us,2025-01-19T04:00:59Z,1040
The Suburbs,Arcade Fire,2010,rock,NA,NA,NA,NA,NA,1041
High Violet,The National,2010,rock,4,This is quite good. Shame they suck live.,3.24,us,2025-10-13T03:01:10Z,1042
Queen Of Denmark,John Grant,2010,"pop,folk",NA,NA,NA,NA,NA,1043
Teen Dream,Beach House,2010,"pop,rock",3,Mostly fine,NA,us,2026-03-05T00:00:00Z,1044
My Beautiful Dark Twisted Fantasy,Kanye West,2010,hip-hop,NA,NA,NA,NA,NA,1045
The ArchAndroid,Janelle Monáe,2010,"pop,soul",NA,NA,NA,NA,NA,1046
Let England Shake,PJ Harvey,2011,rock,NA,NA,NA,NA,NA,1047
21,Adele,2011,pop,NA,NA,NA,NA,NA,1048
D,White Denim,2011,rock,NA,NA,NA,NA,NA,1049
Channel Orange,Frank Ocean,2012,"hip-hop,soul,pop",NA,NA,NA,NA,NA,1050
"good kid, m.A.A.d city",Kendrick Lamar,2012,hip-hop,NA,NA,NA,NA,NA,1051
Django Django,Django Django,2012,rock,5,Yep.,3.21,uk,2025-03-05T04:00:59Z,1052
In Our Heads,Hot Chip,2012,"electronica,rock",NA,NA,NA,NA,NA,1053
Blunderbuss,Jack White,2012,rock,NA,NA,NA,NA,NA,1054
BEYONCÉ,Beyoncé,2013,"pop,soul",NA,NA,NA,NA,NA,1055
Yeezus,Kanye West,2013,hip-hop,NA,NA,NA,NA,NA,1056
m b v,My Bloody Valentine,2013,rock,NA,NA,NA,NA,NA,1057
The Next Day,David Bowie,2013,rock,3,"Not at his best, but a good listen regardless.",3.3,uk,2025-10-21T03:01:33Z,1058
The Bones Of What You Believe,CHVRCHES,2013,"electronica,pop",NA,NA,NA,NA,NA,1059
LP1,FKA twigs,2014,"pop,electronica",NA,NA,NA,NA,NA,1060
1989,Taylor Swift,2014,pop,NA,NA,NA,NA,NA,1061
Lost In The Dream,The War On Drugs,2014,rock,4,The beauty of this one is high up there.,3.39,us,2025-01-14T04:01:08Z,1062
To Pimp A Butterfly,Kendrick Lamar,2015,hip-hop,NA,NA,NA,NA,NA,1063
Music in Exile,Songhoy Blues,2015,"world,rock,blues",NA,NA,NA,NA,NA,1064
25,Adele,2015,pop,NA,NA,NA,NA,NA,1065
Vulnicura,Björk,2015,"pop,electronica",NA,NA,NA,NA,NA,1066
Blackstar,David Bowie,2016,"rock,jazz",NA,NA,NA,NA,NA,1067
You Want It Darker,Leonard Cohen,2016,"folk,rock",4,NA,3.32,canada,2025-07-07T03:00:48Z,1068
A Seat at the Table,Solange,2016,"pop,soul",NA,NA,NA,NA,NA,1069
Konnichiwa,Skepta,2016,hip-hop,NA,NA,NA,NA,NA,1070
american dream,LCD Soundsystem,2017,"rock,electronica",NA,NA,NA,NA,NA,1071
Modern Kosmology,Jane Weaver,2017,"rock,pop",NA,NA,NA,NA,NA,1072
Melodrama,Lorde,2017,pop,NA,NA,NA,NA,NA,1073
Drunk,Thundercat,2017,"hip-hop,soul,jazz,funk",NA,NA,NA,NA,NA,1074
Ctrl,SZA,2017,"hip-hop,soul",NA,NA,NA,NA,NA,1075
Take Me Apart,Kelela,2017,"soul,electronica",3,Enjoyable. But not really memorable.,2.75,us,2025-08-10T03:00:48Z,1076
I See You,The xx,2017,"pop,electronica,rock",4,What a jewel.,2.99,uk,2025-09-01T03:01:08Z,1077
Microshift,Hookworms,2018,"rock,electronica",4,Beautiful surprise.,3.02,uk,2025-03-30T03:01:05Z,1078
Golden Hour,Kacey Musgraves,2018,"country,pop",NA,NA,NA,NA,NA,1079
Chris,Christine and the Queens,2018,"pop,electronica",NA,NA,NA,NA,NA,1080
GREY Area,Little Simz,2019,hip-hop,NA,NA,NA,NA,NA,1081
Ghosteen,Nick Cave & The Bad Seeds,2019,rock,NA,NA,NA,NA,NA,1082
KIWANUKA,Michael Kiwanuka,2019,soul,5,NA,3.74,uk,2025-05-04T03:00:44Z,1083
Fetch The Bolt Cutters,Fiona Apple,2020,"pop,rock",NA,NA,NA,NA,NA,1084
evermore,Taylor Swift,2020,"pop,rock",NA,NA,NA,NA,NA,1085
Untitled (Black Is),SAULT,2020,"soul,funk",NA,NA,NA,NA,NA,1086
Chemtrails Over The Country Club,Lana Del Rey,2021,"pop,folk,rock",NA,NA,NA,NA,NA,1087
Heaux Tales,Jazmine Sullivan,2021,hip-hop,NA,NA,NA,NA,NA,1088
A Christmas Gift For You From Phil Spector,Various Artists,1963,"pop,rock",2,I don’t get the love for Christmas music.,3.3,us,2025-12-25T04:01:50Z,1089
